-- phpMyAdmin SQL Dump
-- version 5.2.1
-- https://www.phpmyadmin.net/
--
-- Host: 127.0.0.1
-- Generation Time: Jun 18, 2023 at 07:48 AM
-- Server version: 10.4.28-MariaDB
-- PHP Version: 8.1.17

SET SQL_MODE = "NO_AUTO_VALUE_ON_ZERO";
START TRANSACTION;
SET time_zone = "+00:00";


/*!40101 SET @OLD_CHARACTER_SET_CLIENT=@@CHARACTER_SET_CLIENT */;
/*!40101 SET @OLD_CHARACTER_SET_RESULTS=@@CHARACTER_SET_RESULTS */;
/*!40101 SET @OLD_COLLATION_CONNECTION=@@COLLATION_CONNECTION */;
/*!40101 SET NAMES utf8mb4 */;

--
-- Database: `quizapp`
--

-- --------------------------------------------------------

--
-- Table structure for table `choise`
--

CREATE TABLE `choise` (
  `id` int(11) NOT NULL,
  `q_no` int(11) NOT NULL,
  `is_correct` tinyint(4) NOT NULL DEFAULT 0,
  `text` varchar(128) NOT NULL
) ENGINE=InnoDB DEFAULT CHARSET=utf8mb4 COLLATE=utf8mb4_general_ci;

--
-- Dumping data for table `choise`
--

INSERT INTO `choise` (`id`, `q_no`, `is_correct`, `text`) VALUES
(1, 1, 0, '2'),
(2, 1, 1, '3'),
(3, 1, 0, '5'),
(4, 2, 0, '3+12=?'),
(5, 2, 1, '12-3=?'),
(6, 2, 0, '?+3=12'),
(7, 3, 0, '2'),
(8, 3, 0, '4'),
(9, 3, 1, '6'),
(10, 4, 0, '9'),
(11, 4, 0, '10'),
(12, 4, 1, '15'),
(13, 5, 1, '2'),
(14, 5, 0, '4'),
(15, 5, 0, '16');

-- --------------------------------------------------------

--
-- Table structure for table `questions`
--

CREATE TABLE `questions` (
  `q_no` int(11) NOT NULL,
  `text` varchar(500) NOT NULL
) ENGINE=InnoDB DEFAULT CHARSET=utf8mb4 COLLATE=utf8mb4_general_ci;

--
-- Dumping data for table `questions`
--

INSERT INTO `questions` (`q_no`, `text`) VALUES
(1, 'George has 5 pieces of candy in his lunch. Fred has 2 fewer candies than George. How many candies does Fred have?'),
(2, ' Choose the equation which does NOT represent the word problem given: For her birthday, Sally received 3 new t-shirts. If Sally '),
(3, 'Bobby had 4 library books in his desk. Today, he brought two more books from home. How many books does Bobby have in his desk no'),
(4, 'Three friends get together to play video games. If Victor brings 5 games, Tyler brings 4 games, and Sam has 6 games, how many ga'),
(5, ' Subtract: 18-8-8=');

-- --------------------------------------------------------

--
-- Table structure for table `user`
--

CREATE TABLE `user` (
  `userid` int(11) NOT NULL,
  `username` varchar(100) NOT NULL,
  `email` varchar(50) NOT NULL,
  `password` varchar(50) NOT NULL,
  `img` blob DEFAULT NULL
) ENGINE=InnoDB DEFAULT CHARSET=utf8mb4 COLLATE=utf8mb4_general_ci;

--
-- Dumping data for table `user`
--

INSERT INTO `user` (`userid`, `username`, `email`, `password`, `img`) VALUES
(1, '', '', '', NULL),
(1, '', '', '', NULL);
INSERT INTO `user` (`userid`, `username`, `email`, `password`, `img`) VALUES
(1, 'vishaka', 'v@gmail.com', '123', 0xffd8ffe119c745786966000049492a000800000010000001030001000000400e00000101030001000000601500000201030003000000ce0000000601030001000000020000000f01020006000000d40000001001020015000000da0000001201030001000000010000001501030001000000030000001a01050001000000ef0000001b01050001000000f7000000280103000100000002000000310102001c000000ff00000032010200140000001b0100001302030001000000020000006987040001000000300100002588040001000000000500001405000008000800080043616e6f6e0043616e6f6e20454f53203744204d61726b2049490060ae0a001027000060ae0a001027000041646f62652050686f746f73686f70204353352057696e646f777300323031373a30333a31312030393a35303a3536000027009a820500010000000a0300009d820500010000001203000022880300010000000100000027880300010000002003000030880300010000000200000032880400010000002003000000900700040000003032333003900200140000001a03000004900200140000002e03000001910700040000000102030001920a00010000004203000002920500010000004a03000004920a00010000005203000005920500010000005a0300000692050001000000620300000792030001000000050000000992030001000000100000000a920500010000006a03000086920700080100007203000090920200030000003734000091920200030000003734000092920200030000003734000000a00700040000003031303001a00300010000000100000002a00400010000001801000003a0040001000000a401000005a0040001000000e00400000ea20500010000007a0400000fa20500010000008204000010a20300010000000200000001a40300010000000000000002a40300010000000100000003a40300010000000000000006a40300010000000000000030a40200010000000000000031a402000d0000008a04000032a40500040000009704000034a402001e000000b704000035a402000b000000d50400000000000001000000640000000800000001000000323031373a30323a30372031313a33323a323400323031373a30323a30372031313a33323a32340000a0060000000100000006000000010000000000010000002d0000000a0000009f000000640000003200000001000000000000000000000000000000000000000000000000000000000000000000000000000000000000000000000000000000000000000000000000000000000000000000000000000000000000000000000000000000000000000000000000000000000000000000000000000000000000000000000000000000000000000000000000000000000000000000000000000000000000000000000000000000000000000000000000000000000000000000000000000000000000000000000000000000000000000000000000000000000000000000000000000000000000000000000000000000000000000000000000000000000000000000000000000000000000000000000000000000007f53008303000000aa37005702000030343530323130313734303300120000000100000087000000010000000000000001000000000000000100000045462d5331382d3133356d6d20662f332e352d352e362049532053544d0030303030323133653964000200010002000400000052393800020007000400000030313030000000000000010000000100040000000203000000000000000006000301030001000000060000001a01050001000000620500001b010500010000006a05000028010300010000000200000001020400010000007205000002020400010000004d1400000000000048000000010000004800000001000000ffd8ffed000c41646f62655f434d0001ffee000e41646f626500648000000001ffdb0084000c08080809080c09090c110b0a0b11150f0c0c0f1518131315131318110c0c0c0c0c0c110c0c0c0c0c0c0c0c0c0c0c0c0c0c0c0c0c0c0c0c0c0c0c0c0c0c0c0c010d0b0b0d0e0d100e0e10140e0e0e14140e0e0e0e14110c0c0c0c0c11110c0c0c0c0c0c110c0c0c0c0c0c0c0c0c0c0c0c0c0c0c0c0c0c0c0c0c0c0c0c0c0c0c0cffc000110800a0006b03012200021101031101ffdd00040007ffc4013f0000010501010101010100000000000000030001020405060708090a0b0100010501010101010100000000000000010002030405060708090a0b1000010401030204020507060805030c33010002110304211231054151611322718132061491a1b14223241552c16233347282d14307259253f0e1f163733516a2b283264493546445c2a3743617d255e265f2b384c3d375e3f3462794a485b495c4d4e4f4a5b5c5d5e5f55666768696a6b6c6d6e6f637475767778797a7b7c7d7e7f711000202010204040304050607070605350100021103213112044151617122130532819114a1b14223c152d1f0332462e1728292435315637334f1250616a2b283072635c2d2449354a317644555367465e2f2b384c3d375e3f34694a485b495c4d4e4f4a5b5c5d5e5f55666768696a6b6c6d6e6f62737475767778797a7b7c7ffda000c03010002110311003f00daac3368738bb52400d03b069fce3fca56ab15f8bfee1ff925559fcdb7faeefc8c5658745640714a76fa7e2efb87f7a234d7e2efb87f7aafb938b20a770a620b71a59e2efb87f7a234b3c4fe1fdea9b5e74f3e1198f4d3167882dc6edf13f82982df13f82acd790a61e9862cd10da05be7f827b2bfcd74b4fc07f7a035e8bbcba24f1c20432538dd55aca32b12825cf39b67a61c001b3f94e93ef55feaae655d6701f9d5b5f8edaee7506b7ed7925a18fde1edd9f4bd446ebb686f57e90df0b4bbee8543fc5b39affab6f7b740ecab0c7f62a5093ebae9ab211faa27ae9ff74f52d6810d93f1d13276fd21f10993daefffd0d76ba2a6ff005ddff535a2b6cd1532f8a9bfd777fd4d69db62b908b922165bbeaa5ea6aaafa88b57bded6f8903ef5370b246148bac75ea7a562b1d69f52d76945035741fa760ae5ae731bfbbfe117217fd74eab7966eb6eaf7112da62b6ed77d16b58d6b3f48eff847ac0ea7d4b2733ae5f961e62bb9cfa8cc6d0d3b2b8feab5567dcfb835cf7bb7b4b7706e91fb9afd1fd1b7e82cecd925291ad23d87ed7471628c40b172f17a2afaf7d6a66752eafa958caed1baa6bdaedae68f739828bfd46bff0097bdcbbdfab7f59abeb350658cf4b31acdd63468c76bb3f43bfdfeedafdd5ff825e598bd49f8f5be9790fa9c0c3080e10c3a39e7e97bdbfa3fd1fe9169becb85b8b9f8d6535ba86b6f7319616d8c81b65ac6c78d9e9fa5fcdff8651c72ca075d42f9e28c86828f77d75ae44698d4aab896baec5a2f746ebaa658e8e25cd0f76d8ddedd554ea7d57ecd53ea022c7d8da587fe30b58d2dfedbf6ab13988c788b58027461d56cc2bf3abc8b2cdb5e0d6f97cc0dee1b6b637f79ceb1cd637f969bea3f4c774bfabd563bdfbdf63cdaed220b9ac66cfecfa6b0ad2ec9c9fb3d5a0c7c5bdf24fd3be9daddfbbf3ab6bec7d3ff000abb0e905a7a7d45b3044807900fb9adfecfd054619253ce288e13c46bc38635c2be52ac46246f547eb26d8fa43e213276fd21f109bfb95b6bbfffd1baefe65bfd777fd4d6a550a0d769b1ce6da00348025a4fe735e9dcdfd0b7faeeff00a9ad44355d8173227564158c6fe719fd61f9500047a74734f8153de8c81f1bcc6baccfbaba5a5c3d57b6b6341275710c685add3fa065fd9acc8ceacd4d6457450e1175b638ed6534d3fce3fdcb771ba0db8bf5a6fb722b66cb9b659406f01ed7336e9ff095bbd56ffe60b4e7399d4a9c6af132af243a32bd8c686c7e9d94bf6efc7ddb7f474eff00d3fe8ff7d60e5cd2b3188dbe6e92d3e68bb58b04401299bbdbac75f965fd679ab3a634513e8c64d34d96e453c387a043725b673fa4dbfa567fc5aa14752b2acac67e2b4b0164c089738fb5eddc47d1739af6aeff00af6259838eccea71b22db416873b19ad2fda4eddce691eff00ddf4ff00f45acac9fa986ec2c53838cfc5cbcaca68db77f8366cb6cba1cdf6fd9f70f53f44a3c796fe60753417cf147f448d06af7bd22934749c1a4c02cc7a81038076877b7fce58dd7323d2767646e8ba9ada31b7377863a47eb03f96cfa74ffc27f61747898c195d38b4fd1a98da985da7b58d0c977f9ab9ff00acf8392cc3eab654d73b2f20515e386905aeadf6d2d74086fbb75767e7abbccc47b601355ff7ad1e5e8e4d471027fee9063e21e9cec1bebd4df8d5d78cd7fb9c2b7464e67adf9aef5eff00fa0b63ea9e5fdb31332d6ff355e48a2afead54500c7fd75d62a3945dfe46691b5eca0d4e6f83d8c87b7fb0e6a6fa8971a7ea95d73185efa5d63fd3eee2ca6ab36ff6d450c718e48c87697fe39edcbfee1765f561913f3710ff00a537aa1f487c426fee4d55b55cdaeea5c1f55a1b656f1c16b807b1dfda6b936efc8ac346ba3fffd2d323f44dfebbbfea6b4d08f75459534c1dbbdc0bbb496b202100adc1c91a15422d41400d516b10558e8cd15b2313d722d6c7a95b4c6924c4fb5bf7a3d7757f613657b45bb603ce91fdad50eecb18ccdcd63ad78ecde07f29ee5cd64f54ccc4bae1d5315d91d36f7177ad4d608635deed96d11b36d2efa0ff00f47ff08b0fe211c7ee7eacde437ee01fcbe6feabbbc863cc70f1648d6215edc8f6ebfe07f5e4f598996dbbd3dfe83da2b02c155deac93fbc3637fb162be1d4bc02c6fd0d1a7f767e97fd15ca6365f457d0ccbe9b4073ac3e9d0e6d35d2e7b8e8dae8f4abaacb5cefedff00a4b7f44baec7afd3c765640dcd0374705df9e7fce55b048432099893189dbe5f57fe82cbcc63e2818c65465a7d195648d7e4b3baad8fbb754e82e7dd8f5d6d1a431b631c7fe915a623744476581d62eb29b72ee668fa8d5e9bb9dbb9ec66ff00eb337ef56f9998cf825edef52d0f8e39c63ff39cfc78e58b2812eb441e9f3c5cfc9baecafacf878f41fd5b068cabff00aef78b6c7be7f718c7d6c62d4ff174325bf576a392c756e7dc4b43c1692cdb533743bf35db5eb1e9c3ccc4cdc5cc696bb09d85955b4ee971db45cef737fad5aeafa458474ac104fbcd2201e7dbcff9a860cb194c441bae3d47fabe0870ab983c388f898ffea4935fea8b9e3eafe252f76e7623aec524f618f75b8d5b7fb35575abbeb8f1fcd5998f99474b366232b337e76443a7da1f6dbea7ba7f7bd442fb679f6852fb8382f5df83fad7c5ed3478c7183e2fffd3e9ce450de9994c7905f710ca99dcb86d77a9ff005afde59ed0a05fbab613d9eefc95a230ab30d1c9948923c057fdd277e25b5d4cb9db4b2c882d324123706bc7e63f6fb941fb9953ded00b9a25a1da09ed30881ce2d0d2496b7e882740a197fccb40fceb1a3ee97ffdf53b2e430c539758c64479fe8b3f2e04f2e38f494a20dffce64d6b7982d748907905471aa2ca62750e78066340e706a6ea97fd97a6d99a1a4ba86ea07998639dfc9658ef7ffc1a7a185cc6b2c74b2ad1e7f7dfcbff00b3bcac0bbd5ebf1cb8b1ddf5a23fbadbe9d5e135d63eaaa9f5de5beb653180587768ca1f6ec6b9edf66ffa6b40d818dd4c6baf8011ccacbc1c8d997965a4101d5b48f0219ff992d7c47d7658d6ded0439ba4c691ee1a270a34096ae78f0126b4a12fb63c45139e1ec6d8c702d7490e07cbd8560f5cc4b6daaeb31ae0cc8cd340a9ae3a7b5cd3640fa5f498dffb716a7d64cef4302ec8a4becf4da058e737690db2c14eedbb58efd06efdc54f0fd3ccab1dae07d7c6b05f8ec025c76fd36b99fbafff00c0ecf4d094ce39480f56921fdefdd619e333c5198d2a57fe2fa9cdc8ea3457839584e0cb723a6559543de6412d7e3daffb555fd6b1b654e5a0cc903a4f48c8612d38f994d3a6bb9af759837877f22caef77fe0762e43a95c0e564b48732cb317348616f6b71eefa4e5b9d21f55bf523186502ca994136ec3ee22ab5dbac6ccfe91fe96f53e1c3edf1cc5ca86590af9bd5edcff00e9c1cce6f270c203f78e3ff9d1c8de7f53c0fdbd9f897b83dae7639a9bd9b7b058dbb5ff0049ea6cdeb0bf683a79fcd9f9a061600753f6caac2e38d915d4fa88d08f5bf9d65a5c7dbb6cadedff00b6d67faa7c7b29ac1d2b6971ff00cef75ce3925c60988b20802c7ee703ffd4be1ffa16ff005ddff535a231e02cd396194367bd8fff00a9a959e9dd6c62596383c56eb19b03cb770009f78d3dcddcae4627a0b71f8a360134e931e08909b29c36d23fe147fd4b967e675ac7bb36db71c16d2e2360220986b5aeb0b7f37d470dea58998dc9c9aab3a80eddf8421cde397ddb21afd1b6c72592239ac62efd756e8756d3a464cc106b3ed3a03fc824fef2ad8f567347e9c7a2f221db8c86cfb9d1fe96dfeafe8bfaeb47add34b7a65edb44d0fa6c0ef9b4e9fda5431a2b68fd096bc001c5ee73c82071bacf73573fd5ebf963fab950eadae91895b7ed15d72e732e0f25c60bb7b41dcf3fe72d492c74eddde2c1cc1d3f92b271ee2dcabcb06bb6a6bbb6bef77fd42b95e5bb739b48f56d3c9fcc68fe5b9381aa3d967318e5332bd4103fe7475f5363ab54ec8c0cba8815bf2287b19bbdc01dbedb1dabbdad77f2962fd48c92715edb3fa497117bcfd22e6f677f259fe0d9f416d57538cfaa4bdcf10f71ee3c1adfcc62e6fa0bbecbd6edc463775844bdad9d5c07becf77e622471032035045f949a3ef0c5923cb48dc33409c72fddcd87f47feab8e5ff008d21faed917630c9c2701e858cb32297771ebb7d2b58effafb5ffe7acac0ea750fab58dd39cf02db2aba5c0fd171b1d635af1fe8adaedf6d9ff5b5d27d76e8f7f53661df580c34b9d5de09306b7ed3b8903fc1bd9fbbfe1157e91f54eb0c0c606b9c00875b1ac9d195b756ff00aff38ae72b8a52892363f348ff00831ffb9717e2129717b3d4484e27fabfacff00bac8e174fbf2197319534b997beb6da3581b5edb18ee0fd072adf663ff0046176cce9cdaec61264870d3e6b1fec23c3f35591c950238b7d6e9cd3189888d9a1a5f87cd4fffd5ae318df480e78a98c36bcb9c40e194ed68fdf73bf719ef55194bded0e1c1008f81e174593f57baae454c6e063bad0d759ea39aeada5a4b6bf4e3ed0f67d2dbfd841c8e89f597171eac670c6c6aadf6358fb37581a3e93f6d359f536336effd22b90c908f14a7904623a1e9ff00a338b2e5f989480c588e4248dcf04387fbce37d96d95a3d1a97b331a5ddc40fbc2d5c0faaaddacf5b36db6c0cda746b1ae23f3f67bdfff008221e661d9d3b32970335ee01e26443bf9bb5a7f7777b3f90ab733f12c73c33c6048f18e106bd2eaf29f0bcb0cf8e64c2a35222cf17f73e575babd66ee8598c8dc7d0b2073aed742c1e9fd56cc8c7add7b6a82d12f7bdbcfe76c15976f5d454064e159530c39cc7341f0247b5735879f5dadf4eec33f6867b6d7521967bbbfaac7fa56b37ff55fea7fa459043d2727ac263878b8640f8c789b984daf2acc8652e036b9af2d73a2591b0f1f9ac77fe7c573d0cba88fd0b9ecf0adc00f96d594ea3271b3e9cda07a58b4c87d2243ac2f1b6cf55bf45956cf6d3ff0ff00a4fdc5a576558c754d6643432f7b19558d238b1db18fb2bff07b67f49bd2a5f904b8870906247e974adfe5497bf22ba9aeb2eafa6d3222b3ee7d8e3f4585cd9b7ddff06db1eb23a061f58e9dd4b26dcac775d8fe83aa178697bac0d6eeabd3d9fa4f7bbf7d8aed75e3b336dca0e3758f7bb65aed48ada4d5535b3fe91addcfff00ae2b8ecf707ede6393e6518cf86e3b82d0e6b978e49e290244f1711d801fac1eb89e2f5cbfbfc6d5e97d6ed7e0e333a9336e55973312d6ed2ddcfb5af754f67a9f47e8fbbd4fe5abaccb639fb2a0ea8eddec3fbcd9353fdcdfa0faee6ecdaace3651c805af6135f1b9c241feab5d2a9d5562e234e3e237d2a98496b07027e96d99fce5679191f7a204f844afd3d27c3eae168fc52303cbce671dca3552eb8f8fd3c7197f7f83d0b4b8dcc035f709fbd53d83f056da5ceb99b7f784fde85b3f22dabe8f3b5a3fffd6f48c7f4f1daeedb8cfdc161fd603fe51a7246ac755b07916b8b9dff9f18b6eca8b80d6227b4f82a39b8c6ea8d6f6978996b9bc823f39aa3cb033890c986421206b46a636433600e88f02a1d4ba41ea941661d9e9e43438b03f5619f76d73be9d6ddffd7fea2b7d269fb356ebdec0fb77ec6923e8b7f7b6fe6b9d0b6db66efc3f155a382f499af0ff00d09b12ce626e03ebff00a0bcae274fead8d5b1f9d8c04005db0faad69ef31ffa4d55eb7d1ab1fe54c29a6ca8175db4121a07d2b9a1bf4eaffb958dfe168df6d5fa4a3d35db4aa59185bdeeb31dc196388ded3f41daeaef6ff84da8cb9603e537e0775f879d9467c47d3debe490fdd945e571af37565b6b435e043da0c833c39bfbcc77e6b90afc9f41a3218007532f0638734457ff00822dbe9ff533130ea6d4ecbc9b98cfe6dae73618267635eda98fdaacd5f543eae5559ac6135ed712e70b5cfb64bbe938facfb3e9268e5a7dc06d4b9fe5a24d094c76034ff9d2794af371e81b5ee00b7dbaff002447fd52b9d1aab7aa665cea80763d2592f27dbbc8fe6ff95b5a37ec5d09faa5f564881d2f15bdf4a9bcfdc8d858f81d32a38d894331eb2e2ed953031b274ddb59f9ce8fa48fdd68dca5a7835b273827c4631a91fde5bec5756d803792396ffb5673fa3e63ae73bd9587725ce9803f90cdcb69f7690156b1d324ba3cd4d8e31c72138ef1babf1f4b532de5c671cf6957156e784f13459d22e6ecb05d5b834831ab74075f142fb3f9769563d206dadd697c073408d6b7107daefeb2b7e8fe453fde726fdb66afdcb103401a3beaff00ffd7f52021338300f7c7cd3ee84b72496a58d6ee3b2b7ed746e86e9a23303a3e83b4d24c0d3ef45dc9b726180bb4f11aa5b6d87c07ce53b2b2d325d3f01012dc52dc51e11baacb3490e4f8a69778a28a4a402aadb84e710596edec439a1c083db96a2fbbc52929100a458ea8fecae80058078fb647cbde84fc227fc281fd9ffccd584c4129bc23b26cf76be361d543cb9c7d4711124401dc6d6ca247e452da647c42684b845552acddbfffd0f5094924904a92492494a4924c92974934a7d12529325a27494b2496896892950a30a52132497fffd9ffed1cea50686f746f73686f7020332e30003842494d04040000000000441c015a00031b25471c015a00031b25471c015a00031b25471c015a00031b25471c0200000200001c0237000832303137303230371c023c000b3131333232342b303030303842494d0425000000000010c2853708ea350b445d9b6e387e1ae34b3842494d043a0000000000a7000000100000000100000000000b7072696e744f7574707574000000040000000050737453626f6f6c0100000000496e7465656e756d00000000496e746500000000436c726d0000000f7072696e745369787465656e426974626f6f6c000000000b7072696e7465724e616d655445585400000019004500500053004f004e00200050006900630074007500720065004d00610074006500200050004d00200032003100350000003842494d043b0000000001b200000010000000010000000000127072696e744f75747075744f7074696f6e7300000012000000004370746e626f6f6c0000000000436c6272626f6f6c00000000005267734d626f6f6c000000000043726e43626f6f6c0000000000436e7443626f6f6c00000000004c626c73626f6f6c00000000004e677476626f6f6c0000000000456d6c44626f6f6c0000000000496e7472626f6f6c000000000042636b674f626a630000000100000000000052474243000000030000000052642020646f7562406fe000000000000000000047726e20646f7562406fe0000000000000000000426c2020646f7562406fe000000000000000000042726454556e744623526c74000000000000000000000000426c6420556e744623526c7400000000000000000000000052736c74556e74462350786c40518000000000000000000a766563746f7244617461626f6f6c010000000050675073656e756d00000000506750730000000050675043000000004c656674556e744623526c74000000000000000000000000546f7020556e744623526c7400000000000000000000000053636c20556e74462350726340590000000000003842494d03ed000000000010004600000001000200460000000100023842494d042600000000000e000000000000000000003f8000003842494d03f200000000000a0000ffffffffffff00003842494d040d000000000004ffffffc43842494d04190000000000040000001e3842494d03f3000000000009000000000000000001003842494d271000000000000a000100000000000000023842494d03f5000000000048002f66660001006c66660006000000000001002f6666000100a1999a0006000000000001003200000001005a00000006000000000001003500000001002d000000060000000000013842494d03f80000000000700000ffffffffffffffffffffffffffffffffffffffffffff03e800000000ffffffffffffffffffffffffffffffffffffffffffff03e800000000ffffffffffffffffffffffffffffffffffffffffffff03e800000000ffffffffffffffffffffffffffffffffffffffffffff03e800003842494d0408000000000010000000010000024000000240000000003842494d041e000000000004000000003842494d041a000000000347000000060000000000000000000001a40000011800000009003300340037003000330020002800340029000000010000000000000000000000000000000000000001000000000000000000000118000001a400000000000000000000000000000000010000000000000000000000000000000000000010000000010000000000006e756c6c0000000200000006626f756e64734f626a6300000001000000000000526374310000000400000000546f70206c6f6e6700000000000000004c6566746c6f6e67000000000000000042746f6d6c6f6e67000001a400000000526768746c6f6e670000011800000006736c69636573566c4c73000000014f626a6300000001000000000005736c6963650000001200000007736c69636549446c6f6e67000000000000000767726f757049446c6f6e6700000000000000066f726967696e656e756d0000000c45536c6963654f726967696e0000000d6175746f47656e6572617465640000000054797065656e756d0000000a45536c6963655479706500000000496d672000000006626f756e64734f626a6300000001000000000000526374310000000400000000546f70206c6f6e6700000000000000004c6566746c6f6e67000000000000000042746f6d6c6f6e67000001a400000000526768746c6f6e67000001180000000375726c54455854000000010000000000006e756c6c54455854000000010000000000004d7367655445585400000001000000000006616c74546167544558540000000100000000000e63656c6c54657874497348544d4c626f6f6c010000000863656c6c546578745445585400000001000000000009686f727a416c69676e656e756d0000000f45536c696365486f727a416c69676e0000000764656661756c740000000976657274416c69676e656e756d0000000f45536c69636556657274416c69676e0000000764656661756c740000000b6267436f6c6f7254797065656e756d0000001145536c6963654247436f6c6f7254797065000000004e6f6e6500000009746f704f75747365746c6f6e67000000000000000a6c6566744f75747365746c6f6e67000000000000000c626f74746f6d4f75747365746c6f6e67000000000000000b72696768744f75747365746c6f6e6700000000003842494d042800000000000c000000023ff00000000000003842494d0414000000000004000000073842494d040c000000001469000000010000006b000000a0000001440000ca800000144d00180001ffd8ffed000c41646f62655f434d0001ffee000e41646f626500648000000001ffdb0084000c08080809080c09090c110b0a0b11150f0c0c0f1518131315131318110c0c0c0c0c0c110c0c0c0c0c0c0c0c0c0c0c0c0c0c0c0c0c0c0c0c0c0c0c0c0c0c0c0c010d0b0b0d0e0d100e0e10140e0e0e14140e0e0e0e14110c0c0c0c0c11110c0c0c0c0c0c110c0c0c0c0c0c0c0c0c0c0c0c0c0c0c0c0c0c0c0c0c0c0c0c0c0c0c0cffc000110800a0006b03012200021101031101ffdd00040007ffc4013f0000010501010101010100000000000000030001020405060708090a0b0100010501010101010100000000000000010002030405060708090a0b1000010401030204020507060805030c33010002110304211231054151611322718132061491a1b14223241552c16233347282d14307259253f0e1f163733516a2b283264493546445c2a3743617d255e265f2b384c3d375e3f3462794a485b495c4d4e4f4a5b5c5d5e5f55666768696a6b6c6d6e6f637475767778797a7b7c7d7e7f711000202010204040304050607070605350100021103213112044151617122130532819114a1b14223c152d1f0332462e1728292435315637334f1250616a2b283072635c2d2449354a317644555367465e2f2b384c3d375e3f34694a485b495c4d4e4f4a5b5c5d5e5f55666768696a6b6c6d6e6f62737475767778797a7b7c7ffda000c03010002110311003f00daac3368738bb52400d03b069fce3fca56ab15f8bfee1ff925559fcdb7faeefc8c5658745640714a76fa7e2efb87f7a234d7e2efb87f7aafb938b20a770a620b71a59e2efb87f7a234b3c4fe1fdea9b5e74f3e1198f4d3167882dc6edf13f82982df13f82acd790a61e9862cd10da05be7f827b2bfcd74b4fc07f7a035e8bbcba24f1c20432538dd55aca32b12825cf39b67a61c001b3f94e93ef55feaae655d6701f9d5b5f8edaee7506b7ed7925a18fde1edd9f4bd446ebb686f57e90df0b4bbee8543fc5b39affab6f7b740ecab0c7f62a5093ebae9ab211faa27ae9ff74f52d6810d93f1d13276fd21f10993daefffd0d76ba2a6ff005ddff535a2b6cd1532f8a9bfd777fd4d69db62b908b922165bbeaa5ea6aaafa88b57bded6f8903ef5370b246148bac75ea7a562b1d69f52d76945035741fa760ae5ae731bfbbfe117217fd74eab7966eb6eaf7112da62b6ed77d16b58d6b3f48eff847ac0ea7d4b2733ae5f961e62bb9cfa8cc6d0d3b2b8feab5567dcfb835cf7bb7b4b7706e91fb9afd1fd1b7e82cecd925291ad23d87ed7471628c40b172f17a2afaf7d6a66752eafa958caed1baa6bdaedae68f739828bfd46bff0097bdcbbdfab7f59abeb350658cf4b31acdd63468c76bb3f43bfdfeedafdd5ff825e598bd49f8f5be9790fa9c0c3080e10c3a39e7e97bdbfa3fd1fe9169becb85b8b9f8d6535ba86b6f7319616d8c81b65ac6c78d9e9fa5fcdff8651c72ca075d42f9e28c86828f77d75ae44698d4aab896baec5a2f746ebaa658e8e25cd0f76d8ddedd554ea7d57ecd53ea022c7d8da587fe30b58d2dfedbf6ab13988c788b58027461d56cc2bf3abc8b2cdb5e0d6f97cc0dee1b6b637f79ceb1cd637f969bea3f4c774bfabd563bdfbdf63cdaed220b9ac66cfecfa6b0ad2ec9c9fb3d5a0c7c5bdf24fd3be9daddfbbf3ab6bec7d3ff000abb0e905a7a7d45b3044807900fb9adfecfd054619253ce288e13c46bc38635c2be52ac46246f547eb26d8fa43e213276fd21f109bfb95b6bbfffd1baefe65bfd777fd4d6a550a0d769b1ce6da00348025a4fe735e9dcdfd0b7faeeff00a9ad44355d8173227564158c6fe719fd61f9500047a74734f8153de8c81f1bcc6baccfbaba5a5c3d57b6b6341275710c685add3fa065fd9acc8ceacd4d6457450e1175b638ed6534d3fce3fdcb771ba0db8bf5a6fb722b66cb9b659406f01ed7336e9ff095bbd56ffe60b4e7399d4a9c6af132af243a32bd8c686c7e9d94bf6efc7ddb7f474eff00d3fe8ff7d60e5cd2b3188dbe6e92d3e68bb58b04401299bbdbac75f965fd679ab3a634513e8c64d34d96e453c387a043725b673fa4dbfa567fc5aa14752b2acac67e2b4b0164c089738fb5eddc47d1739af6aeff00af6259838eccea71b22db416873b19ad2fda4eddce691eff00ddf4ff00f45acac9fa986ec2c53838cfc5cbcaca68db77f8366cb6cba1cdf6fd9f70f53f44a3c796fe60753417cf147f448d06af7bd22934749c1a4c02cc7a81038076877b7fce58dd7323d2767646e8ba9ada31b7377863a47eb03f96cfa74ffc27f61747898c195d38b4fd1a98da985da7b58d0c977f9ab9ff00acf8392cc3eab654d73b2f20515e386905aeadf6d2d74086fbb75767e7abbccc47b601355ff7ad1e5e8e4d471027fee9063e21e9cec1bebd4df8d5d78cd7fb9c2b7464e67adf9aef5eff00fa0b63ea9e5fdb31332d6ff355e48a2afead54500c7fd75d62a3945dfe46691b5eca0d4e6f83d8c87b7fb0e6a6fa8971a7ea95d73185efa5d63fd3eee2ca6ab36ff6d450c718e48c87697fe39edcbfee1765f561913f3710ff00a537aa1f487c426fee4d55b55cdaeea5c1f55a1b656f1c16b807b1dfda6b936efc8ac346ba3fffd2d323f44dfebbbfea6b4d08f75459534c1dbbdc0bbb496b202100adc1c91a15422d41400d516b10558e8cd15b2313d722d6c7a95b4c6924c4fb5bf7a3d7757f613657b45bb603ce91fdad50eecb18ccdcd63ad78ecde07f29ee5cd64f54ccc4bae1d5315d91d36f7177ad4d608635deed96d11b36d2efa0ff00f47ff08b0fe211c7ee7eacde437ee01fcbe6feabbbc863cc70f1648d6215edc8f6ebfe07f5e4f598996dbbd3dfe83da2b02c155deac93fbc3637fb162be1d4bc02c6fd0d1a7f767e97fd15ca6365f457d0ccbe9b4073ac3e9d0e6d35d2e7b8e8dae8f4abaacb5cefedff00a4b7f44baec7afd3c765640dcd0374705df9e7fce55b048432099893189dbe5f57fe82cbcc63e2818c65465a7d195648d7e4b3baad8fbb754e82e7dd8f5d6d1a431b631c7fe915a623744476581d62eb29b72ee668fa8d5e9bb9dbb9ec66ff00eb337ef56f9998cf825edef52d0f8e39c63ff39cfc78e58b2812eb441e9f3c5cfc9baecafacf878f41fd5b068cabff00aef78b6c7be7f718c7d6c62d4ff174325bf576a392c756e7dc4b43c1692cdb533743bf35db5eb1e9c3ccc4cdc5cc696bb09d85955b4ee971db45cef737fad5aeafa458474ac104fbcd2201e7dbcff9a860cb194c441bae3d47fabe0870ab983c388f898ffea4935fea8b9e3eafe252f76e7623aec524f618f75b8d5b7fb35575abbeb8f1fcd5998f99474b366232b337e76443a7da1f6dbea7ba7f7bd442fb679f6852fb8382f5df83fad7c5ed3478c7183e2fffd3e9ce450de9994c7905f710ca99dcb86d77a9ff005afde59ed0a05fbab613d9eefc95a230ab30d1c9948923c057fdd277e25b5d4cb9db4b2c882d324123706bc7e63f6fb941fb9953ded00b9a25a1da09ed30881ce2d0d2496b7e882740a197fccb40fceb1a3ee97ffdf53b2e430c539758c64479fe8b3f2e04f2e38f494a20dffce64d6b7982d748907905471aa2ca62750e78066340e706a6ea97fd97a6d99a1a4ba86ea07998639dfc9658ef7ffc1a7a185cc6b2c74b2ad1e7f7dfcbff00b3bcac0bbd5ebf1cb8b1ddf5a23fbadbe9d5e135d63eaaa9f5de5beb653180587768ca1f6ec6b9edf66ffa6b40d818dd4c6baf8011ccacbc1c8d997965a4101d5b48f0219ff992d7c47d7658d6ded0439ba4c691ee1a270a34096ae78f0126b4a12fb63c45139e1ec6d8c702d7490e07cbd8560f5cc4b6daaeb31ae0cc8cd340a9ae3a7b5cd3640fa5f498dffb716a7d64cef4302ec8a4becf4da058e737690db2c14eedbb58efd06efdc54f0fd3ccab1dae07d7c6b05f8ec025c76fd36b99fbafff00c0ecf4d094ce39480f56921fdefdd619e333c5198d2a57fe2fa9cdc8ea3457839584e0cb723a6559543de6412d7e3daffb555fd6b1b654e5a0cc903a4f48c8612d38f994d3a6bb9af759837877f22caef77fe0762e43a95c0e564b48732cb317348616f6b71eefa4e5b9d21f55bf523186502ca994136ec3ee22ab5dbac6ccfe91fe96f53e1c3edf1cc5ca86590af9bd5edcff00e9c1cce6f270c203f78e3ff9d1c8de7f53c0fdbd9f897b83dae7639a9bd9b7b058dbb5ff0049ea6cdeb0bf683a79fcd9f9a061600753f6caac2e38d915d4fa88d08f5bf9d65a5c7dbb6cadedff00b6d67faa7c7b29ac1d2b6971ff00cef75ce3925c60988b20802c7ee703ffd4be1ffa16ff005ddff535a231e02cd396194367bd8fff00a9a959e9dd6c62596383c56eb19b03cb770009f78d3dcddcae4627a0b71f8a360134e931e08909b29c36d23fe147fd4b967e675ac7bb36db71c16d2e2360220986b5aeb0b7f37d470dea58998dc9c9aab3a80eddf8421cde397ddb21afd1b6c72592239ac62efd756e8756d3a464cc106b3ed3a03fc824fef2ad8f567347e9c7a2f221db8c86cfb9d1fe96dfeafe8bfaeb47add34b7a65edb44d0fa6c0ef9b4e9fda5431a2b68fd096bc001c5ee73c82071bacf73573fd5ebf963fab950eadae91895b7ed15d72e732e0f25c60bb7b41dcf3fe72d492c74eddde2c1cc1d3f92b271ee2dcabcb06bb6a6bbb6bef77fd42b95e5bb739b48f56d3c9fcc68fe5b9381aa3d967318e5332bd4103fe7475f5363ab54ec8c0cba8815bf2287b19bbdc01dbedb1dabbdad77f2962fd48c92715edb3fa497117bcfd22e6f677f259fe0d9f416d57538cfaa4bdcf10f71ee3c1adfcc62e6fa0bbecbd6edc463775844bdad9d5c07becf77e622471032035045f949a3ef0c5923cb48dc33409c72fddcd87f47feab8e5ff008d21faed917630c9c2701e858cb32297771ebb7d2b58effafb5ffe7acac0ea750fab58dd39cf02db2aba5c0fd171b1d635af1fe8adaedf6d9ff5b5d27d76e8f7f53661df580c34b9d5de09306b7ed3b8903fc1bd9fbbfe1157e91f54eb0c0c606b9c00875b1ac9d195b756ff00aff38ae72b8a52892363f348ff00831ffb9717e2129717b3d4484e27fabfacff00bac8e174fbf2197319534b997beb6da3581b5edb18ee0fd072adf663ff0046176cce9cdaec61264870d3e6b1fec23c3f35591c950238b7d6e9cd3189888d9a1a5f87cd4fffd5ae318df480e78a98c36bcb9c40e194ed68fdf73bf719ef55194bded0e1c1008f81e174593f57baae454c6e063bad0d759ea39aeada5a4b6bf4e3ed0f67d2dbfd841c8e89f597171eac670c6c6aadf6358fb37581a3e93f6d359f536336effd22b90c908f14a7904623a1e9ff00a338b2e5f989480c588e4248dcf04387fbce37d96d95a3d1a97b331a5ddc40fbc2d5c0faaaddacf5b36db6c0cda746b1ae23f3f67bdfff008221e661d9d3b32970335ee01e26443bf9bb5a7f7777b3f90ab733f12c73c33c6048f18e106bd2eaf29f0bcb0cf8e64c2a35222cf17f73e575babd66ee8598c8dc7d0b2073aed742c1e9fd56cc8c7add7b6a82d12f7bdbcfe76c15976f5d454064e159530c39cc7341f0247b5735879f5dadf4eec33f6867b6d7521967bbbfaac7fa56b37ff55fea7fa459043d2727ac263878b8640f8c789b984daf2acc8652e036b9af2d73a2591b0f1f9ac77fe7c573d0cba88fd0b9ecf0adc00f96d594ea3271b3e9cda07a58b4c87d2243ac2f1b6cf55bf45956cf6d3ff0ff00a4fdc5a576558c754d6643432f7b19558d238b1db18fb2bff07b67f49bd2a5f904b8870906247e974adfe5497bf22ba9aeb2eafa6d3222b3ee7d8e3f4585cd9b7ddff06db1eb23a061f58e9dd4b26dcac775d8fe83aa178697bac0d6eeabd3d9fa4f7bbf7d8aed75e3b336dca0e3758f7bb65aed48ada4d5535b3fe91addcfff00ae2b8ecf707ede6393e6518cf86e3b82d0e6b978e49e290244f1711d801fac1eb89e2f5cbfbfc6d5e97d6ed7e0e333a9336e55973312d6ed2ddcfb5af754f67a9f47e8fbbd4fe5abaccb639fb2a0ea8eddec3fbcd9353fdcdfa0faee6ecdaace3651c805af6135f1b9c241feab5d2a9d5562e234e3e237d2a98496b07027e96d99fce5679191f7a204f844afd3d27c3eae168fc52303cbce671dca3552eb8f8fd3c7197f7f83d0b4b8dcc035f709fbd53d83f056da5ceb99b7f784fde85b3f22dabe8f3b5a3fffd6f48c7f4f1daeedb8cfdc161fd603fe51a7246ac755b07916b8b9dff9f18b6eca8b80d6227b4f82a39b8c6ea8d6f6978996b9bc823f39aa3cb033890c986421206b46a636433600e88f02a1d4ba41ea941661d9e9e43438b03f5619f76d73be9d6ddffd7fea2b7d269fb356ebdec0fb77ec6923e8b7f7b6fe6b9d0b6db66efc3f155a382f499af0ff00d09b12ce626e03ebff00a0bcae274fead8d5b1f9d8c04005db0faad69ef31ffa4d55eb7d1ab1fe54c29a6ca8175db4121a07d2b9a1bf4eaffb958dfe168df6d5fa4a3d35db4aa59185bdeeb31dc196388ded3f41daeaef6ff84da8cb9603e537e0775f879d9467c47d3debe490fdd945e571af37565b6b435e043da0c833c39bfbcc77e6b90afc9f41a3218007532f0638734457ff00822dbe9ff533130ea6d4ecbc9b98cfe6dae73618267635eda98fdaacd5f543eae5559ac6135ed712e70b5cfb64bbe938facfb3e9268e5a7dc06d4b9fe5a24d094c76034ff9d2794af371e81b5ee00b7dbaff002447fd52b9d1aab7aa665cea80763d2592f27dbbc8fe6ff95b5a37ec5d09faa5f564881d2f15bdf4a9bcfdc8d858f81d32a38d894331eb2e2ed953031b274ddb59f9ce8fa48fdd68dca5a7835b273827c4631a91fde5bec5756d803792396ffb5673fa3e63ae73bd9587725ce9803f90cdcb69f7690156b1d324ba3cd4d8e31c72138ef1babf1f4b532de5c671cf6957156e784f13459d22e6ecb05d5b834831ab74075f142fb3f9769563d206dadd697c073408d6b7107daefeb2b7e8fe453fde726fdb66afdcb103401a3beaff00ffd7f52021338300f7c7cd3ee84b72496a58d6ee3b2b7ed746e86e9a23303a3e83b4d24c0d3ef45dc9b726180bb4f11aa5b6d87c07ce53b2b2d325d3f01012dc52dc51e11baacb3490e4f8a69778a28a4a402aadb84e710596edec439a1c083db96a2fbbc52929100a458ea8fecae80058078fb647cbde84fc227fc281fd9ffccd584c4129bc23b26cf76be361d543cb9c7d4711124401dc6d6ca247e452da647c42684b845552acddbfffd0f5094924904a92492494a4924c92974934a7d12529325a27494b2496896892950a30a52132497fffd9003842494d042100000000005500000001010000000f00410064006f00620065002000500068006f0074006f00730068006f00700000001300410064006f00620065002000500068006f0074006f00730068006f0070002000430053003500000001003842494d04060000000000070008000100010100ffe1125e687474703a2f2f6e732e61646f62652e636f6d2f7861702f312e302f003c3f787061636b657420626567696e3d22efbbbf222069643d2257354d304d7043656869487a7265537a4e54637a6b633964223f3e203c783a786d706d65746120786d6c6e733a783d2261646f62653a6e733a6d6574612f2220783a786d70746b3d2241646f626520584d5020436f726520352e302d633036302036312e3133343737372c20323031302f30322f31322d31373a33323a30302020202020202020223e203c7264663a52444620786d6c6e733a7264663d22687474703a2f2f7777772e77332e6f72672f313939392f30322f32322d7264662d73796e7461782d6e7323223e203c7264663a4465736372697074696f6e207264663a61626f75743d222220786d6c6e733a786d703d22687474703a2f2f6e732e61646f62652e636f6d2f7861702f312e302f2220786d6c6e733a6175783d22687474703a2f2f6e732e61646f62652e636f6d2f657869662f312e302f6175782f2220786d6c6e733a6372733d22687474703a2f2f6e732e61646f62652e636f6d2f63616d6572612d7261772d73657474696e67732f312e302f2220786d6c6e733a70686f746f73686f703d22687474703a2f2f6e732e61646f62652e636f6d2f70686f746f73686f702f312e302f2220786d6c6e733a64633d22687474703a2f2f7075726c2e6f72672f64632f656c656d656e74732f312e312f2220786d6c6e733a786d704d4d3d22687474703a2f2f6e732e61646f62652e636f6d2f7861702f312e302f6d6d2f2220786d6c6e733a73744576743d22687474703a2f2f6e732e61646f62652e636f6d2f7861702f312e302f73547970652f5265736f757263654576656e74232220786d703a526174696e673d22302220786d703a4d6f64696679446174653d22323031372d30332d31315430393a35303a35362b30353a33302220786d703a437265617465446174653d22323031372d30322d30375431313a33323a32342e37342b30353a33302220786d703a4d65746164617461446174653d22323031372d30332d31315430393a35303a35362b30353a33302220786d703a43726561746f72546f6f6c3d2241646f62652050686f746f73686f70204353352057696e646f777322206175783a4c656e73496e666f3d2231382f31203133352f3120302f3020302f3022206175783a4c656e733d2245462d5331382d3133356d6d20662f332e352d352e362049532053544d22206175783a4c656e7349443d223431343222206175783a496d6167654e756d6265723d223022206175783a466c617368436f6d70656e736174696f6e3d22302f3122206175783a4669726d776172653d22312e302e3422206372733a416c72656164794170706c6965643d2254727565222070686f746f73686f703a44617465437265617465643d22323031372d30322d30375431313a33323a32342e303734222070686f746f73686f703a4c6567616379495054434469676573743d223633343937344336414443463334434543323043373646354341433436424232222070686f746f73686f703a436f6c6f724d6f64653d2233222070686f746f73686f703a49434350726f66696c653d22735247422049454336313936362d322e31222064633a666f726d61743d22696d6167652f6a7065672220786d704d4d3a496e7374616e636549443d22786d702e6969643a35343835443630413043303645373131384131414536423743383738324241392220786d704d4d3a446f63756d656e7449443d22786d702e6469643a30334239414539423234464245363131383639304432354534463339443730312220786d704d4d3a4f726967696e616c446f63756d656e7449443d22786d702e6469643a3033423941453942323446424536313138363930443235453446333944373031223e203c70686f746f73686f703a446f63756d656e74416e636573746f72733e203c7264663a4261673e203c7264663a6c693e757569643a34343946464432344330323245303131423035413937303034333733363332423c2f7264663a6c693e203c2f7264663a4261673e203c2f70686f746f73686f703a446f63756d656e74416e636573746f72733e203c786d704d4d3a486973746f72793e203c7264663a5365713e203c7264663a6c692073744576743a616374696f6e3d227361766564222073744576743a696e7374616e636549443d22786d702e6969643a3033423941453942323446424536313138363930443235453446333944373031222073744576743a7768656e3d22323031372d30322d32355431323a30353a33332b30353a3330222073744576743a736f6674776172654167656e743d2241646f62652050686f746f73686f70204353352057696e646f7773222073744576743a6368616e6765643d222f222f3e203c7264663a6c692073744576743a616374696f6e3d227361766564222073744576743a696e7374616e636549443d22786d702e6969643a3034423941453942323446424536313138363930443235453446333944373031222073744576743a7768656e3d22323031372d30322d32355431323a30353a33332b30353a3330222073744576743a736f6674776172654167656e743d2241646f62652050686f746f73686f70204353352057696e646f7773222073744576743a6368616e6765643d222f222f3e203c7264663a6c692073744576743a616374696f6e3d227361766564222073744576743a696e7374616e636549443d22786d702e6969643a3544313342464534323746424536313138363930443235453446333944373031222073744576743a7768656e3d22323031372d30322d32355431323a33323a32352b30353a3330222073744576743a736f6674776172654167656e743d2241646f62652050686f746f73686f70204353352057696e646f7773222073744576743a6368616e6765643d222f222f3e203c7264663a6c692073744576743a616374696f6e3d227361766564222073744576743a696e7374616e636549443d22786d702e6969643a4342353241324336323946424536313138363930443235453446333944373031222073744576743a7768656e3d22323031372d30322d32355431323a34393a34342b30353a3330222073744576743a736f6674776172654167656e743d2241646f62652050686f746f73686f70204353352057696e646f7773222073744576743a6368616e6765643d222f222f3e203c7264663a6c692073744576743a616374696f6e3d227361766564222073744576743a696e7374616e636549443d22786d702e6969643a3534383544363041304330364537313138413141453642374338373832424139222073744576743a7768656e3d22323031372d30332d31315430393a35303a35362b30353a3330222073744576743a736f6674776172654167656e743d2241646f62652050686f746f73686f70204353352057696e646f7773222073744576743a6368616e6765643d222f222f3e203c2f7264663a5365713e203c2f786d704d4d3a486973746f72793e203c2f7264663a4465736372697074696f6e3e203c2f7264663a5244463e203c2f783a786d706d6574613e2020202020202020202020202020202020202020202020202020202020202020202020202020202020202020202020202020202020202020202020202020202020202020202020202020202020202020202020202020202020202020202020202020202020202020202020202020202020202020202020202020202020202020202020202020202020202020202020202020202020202020202020202020202020202020202020202020202020202020202020202020202020202020202020202020202020202020202020202020202020202020202020202020202020202020202020202020202020202020202020202020202020202020202020202020202020202020202020202020202020202020202020202020202020202020202020202020202020202020202020202020202020202020202020202020202020202020202020202020202020202020202020202020202020202020202020202020202020202020202020202020202020202020202020202020202020202020202020202020202020202020202020202020202020202020202020202020202020202020202020202020202020202020202020202020202020202020202020202020202020202020202020202020202020202020202020202020202020202020202020202020202020202020202020202020202020202020202020202020202020202020202020202020202020202020202020202020202020202020202020202020202020202020202020202020202020202020202020202020202020202020202020202020202020202020202020202020202020202020202020202020202020202020202020202020202020202020202020202020202020202020202020202020202020202020202020202020202020202020202020202020202020202020202020202020202020202020202020202020202020202020202020202020202020202020202020202020202020202020202020202020202020202020202020202020202020202020202020202020202020202020202020202020202020202020202020202020202020202020202020202020202020202020202020202020202020202020202020202020202020202020202020202020202020202020202020202020202020202020202020202020202020202020202020202020202020202020202020202020202020202020202020202020202020202020202020202020202020202020202020202020202020202020202020202020202020202020202020202020202020202020202020202020202020202020202020202020202020202020202020202020202020202020202020202020202020202020202020202020202020202020202020202020202020202020202020202020202020202020202020202020202020202020202020202020202020202020202020202020202020202020202020202020202020202020202020202020202020202020202020202020202020202020202020202020202020202020202020202020202020202020202020202020202020202020202020202020202020202020202020202020202020202020202020202020202020202020202020202020202020202020202020202020202020202020202020202020202020202020202020202020202020202020202020202020202020202020202020202020202020202020202020202020202020202020202020202020202020202020202020202020202020202020202020202020202020202020202020202020202020202020202020202020202020202020202020202020202020202020202020202020202020202020202020202020202020202020202020202020202020202020202020202020202020202020202020202020202020202020202020202020202020202020202020202020202020202020202020202020202020202020202020202020202020202020202020202020202020202020202020202020202020202020202020202020202020202020202020202020202020202020202020202020202020202020202020202020202020202020202020202020202020202020202020202020202020202020202020202020202020202020202020202020202020202020202020202020202020202020202020202020202020202020202020202020202020202020202020202020202020202020202020202020202020202020202020202020202020202020202020202020202020202020202020202020202020202020202020202020202020202020202020202020202020202020202020202020202020202020202020202020202020202020202020202020202020202020202020202020202020202020202020202020202020202020202020202020202020202020202020202020202020202020202020202020202020202020202020202020202020202020202020202020202020202020202020202020202020202020202020202020202020202020202020202020202020202020202020202020202020202020202020202020202020202020202020202020202020202020202020202020202020202020202020202020202020202020202020202020202020202020202020202020202020202020202020202020202020202020202020202020202020202020202020202020202020202020202020202020202020202020202020202020202020202020202020202020202020202020202020202020202020202020202020202020202020202020202020202020202020202020202020202020202020202020202020202020202020202020202020202020202020202020203c3f787061636b657420656e643d2277223f3effe20c584943435f50524f46494c4500010100000c484c696e6f021000006d6e74725247422058595a2007ce00020009000600310000616373704d5346540000000049454320735247420000000000000000000000000000f6d6000100000000d32d4850202000000000000000000000000000000000000000000000000000000000000000000000000000000000000000000000001163707274000001500000003364657363000001840000006c77747074000001f000000014626b707400000204000000147258595a00000218000000146758595a0000022c000000146258595a0000024000000014646d6e640000025400000070646d6464000002c400000088767565640000034c0000008676696577000003d4000000246c756d69000003f8000000146d6561730000040c0000002474656368000004300000000c725452430000043c0000080c675452430000043c0000080c625452430000043c0000080c7465787400000000436f70797269676874202863292031393938204865776c6574742d5061636b61726420436f6d70616e790000646573630000000000000012735247422049454336313936362d322e31000000000000000000000012735247422049454336313936362d322e31000000000000000000000000000000000000000000000000000000000000000000000000000000000000000000000000000058595a20000000000000f35100010000000116cc58595a200000000000000000000000000000000058595a200000000000006fa2000038f50000039058595a2000000000000062990000b785000018da58595a2000000000000024a000000f840000b6cf64657363000000000000001649454320687474703a2f2f7777772e6965632e636800000000000000000000001649454320687474703a2f2f7777772e6965632e63680000000000000000000000000000000000000000000000000000000000000000000000000000000000000000000064657363000000000000002e4945432036313936362d322e312044656661756c742052474220636f6c6f7572207370616365202d207352474200000000000000000000002e4945432036313936362d322e312044656661756c742052474220636f6c6f7572207370616365202d20735247420000000000000000000000000000000000000000000064657363000000000000002c5265666572656e63652056696577696e6720436f6e646974696f6e20696e2049454336313936362d322e3100000000000000000000002c5265666572656e63652056696577696e6720436f6e646974696f6e20696e2049454336313936362d322e31000000000000000000000000000000000000000000000000000076696577000000000013a4fe00145f2e0010cf140003edcc0004130b00035c9e0000000158595a2000000000004c09560050000000571fe76d6561730000000000000001000000000000000000000000000000000000028f0000000273696720000000004352542063757276000000000000040000000005000a000f00140019001e00230028002d00320037003b00400045004a004f00540059005e00630068006d00720077007c00810086008b00900095009a009f00a400a900ae00b200b700bc00c100c600cb00d000d500db00e000e500eb00f000f600fb01010107010d01130119011f0125012b01320138013e0145014c0152015901600167016e0175017c0183018b0192019a01a101a901b101b901c101c901d101d901e101e901f201fa0203020c0214021d0226022f02380241024b0254025d02670271027a0284028e029802a202ac02b602c102cb02d502e002eb02f50300030b03160321032d03380343034f035a03660372037e038a039603a203ae03ba03c703d303e003ec03f9040604130420042d043b0448045504630471047e048c049a04a804b604c404d304e104f004fe050d051c052b053a05490558056705770586059605a605b505c505d505e505f6060606160627063706480659066a067b068c069d06af06c006d106e306f507070719072b073d074f076107740786079907ac07bf07d207e507f8080b081f08320846085a086e0882089608aa08be08d208e708fb09100925093a094f09640979098f09a409ba09cf09e509fb0a110a270a3d0a540a6a0a810a980aae0ac50adc0af30b0b0b220b390b510b690b800b980bb00bc80be10bf90c120c2a0c430c5c0c750c8e0ca70cc00cd90cf30d0d0d260d400d5a0d740d8e0da90dc30dde0df80e130e2e0e490e640e7f0e9b0eb60ed20eee0f090f250f410f5e0f7a0f960fb30fcf0fec1009102610431061107e109b10b910d710f511131131114f116d118c11aa11c911e81207122612451264128412a312c312e31303132313431363138313a413c513e5140614271449146a148b14ad14ce14f01512153415561578159b15bd15e0160316261649166c168f16b216d616fa171d17411765178917ae17d217f7181b18401865188a18af18d518fa19201945196b199119b719dd1a041a2a1a511a771a9e1ac51aec1b141b3b1b631b8a1bb21bda1c021c2a1c521c7b1ca31ccc1cf51d1e1d471d701d991dc31dec1e161e401e6a1e941ebe1ee91f131f3e1f691f941fbf1fea20152041206c209820c420f0211c2148217521a121ce21fb22272255228222af22dd230a23382366239423c223f0241f244d247c24ab24da250925382568259725c725f726272657268726b726e827182749277a27ab27dc280d283f287128a228d429062938296b299d29d02a022a352a682a9b2acf2b022b362b692b9d2bd12c052c392c6e2ca22cd72d0c2d412d762dab2de12e162e4c2e822eb72eee2f242f5a2f912fc72ffe3035306c30a430db3112314a318231ba31f2322a3263329b32d4330d3346337f33b833f1342b3465349e34d83513354d358735c235fd3637367236ae36e937243760379c37d738143850388c38c839053942397f39bc39f93a363a743ab23aef3b2d3b6b3baa3be83c273c653ca43ce33d223d613da13de03e203e603ea03ee03f213f613fa23fe24023406440a640e74129416a41ac41ee4230427242b542f7433a437d43c044034447448a44ce45124555459a45de4622466746ab46f04735477b47c04805484b489148d7491d496349a949f04a374a7d4ac44b0c4b534b9a4be24c2a4c724cba4d024d4a4d934ddc4e254e6e4eb74f004f494f934fdd5027507150bb51065150519b51e65231527c52c75313535f53aa53f65442548f54db5528557555c2560f565c56a956f75744579257e0582f587d58cb591a596959b85a075a565aa65af55b455b955be55c355c865cd65d275d785dc95e1a5e6c5ebd5f0f5f615fb36005605760aa60fc614f61a261f56249629c62f06343639763eb6440649464e9653d659265e7663d669266e8673d679367e9683f689668ec6943699a69f16a486a9f6af76b4f6ba76bff6c576caf6d086d606db96e126e6b6ec46f1e6f786fd1702b708670e0713a719571f0724b72a67301735d73b87414747074cc7528758575e1763e769b76f8775677b37811786e78cc792a798979e77a467aa57b047b637bc27c217c817ce17d417da17e017e627ec27f237f847fe5804780a8810a816b81cd8230829282f4835783ba841d848084e3854785ab860e867286d7873b879f8804886988ce8933899989fe8a648aca8b308b968bfc8c638cca8d318d988dff8e668ece8f368f9e9006906e90d6913f91a89211927a92e3934d93b69420948a94f4955f95c99634969f970a977597e0984c98b89924999099fc9a689ad59b429baf9c1c9c899cf79d649dd29e409eae9f1d9f8b9ffaa069a0d8a147a1b6a226a296a306a376a3e6a456a4c7a538a5a9a61aa68ba6fda76ea7e0a852a8c4a937a9a9aa1caa8fab02ab75abe9ac5cacd0ad44adb8ae2daea1af16af8bb000b075b0eab160b1d6b24bb2c2b338b3aeb425b49cb513b58ab601b679b6f0b768b7e0b859b8d1b94ab9c2ba3bbab5bb2ebba7bc21bc9bbd15bd8fbe0abe84beffbf7abff5c070c0ecc167c1e3c25fc2dbc358c3d4c451c4cec54bc5c8c646c6c3c741c7bfc83dc8bcc93ac9b9ca38cab7cb36cbb6cc35ccb5cd35cdb5ce36ceb6cf37cfb8d039d0bad13cd1bed23fd2c1d344d3c6d449d4cbd54ed5d1d655d6d8d75cd7e0d864d8e8d96cd9f1da76dafbdb80dc05dc8add10dd96de1cdea2df29dfafe036e0bde144e1cce253e2dbe363e3ebe473e4fce584e60de696e71fe7a9e832e8bce946e9d0ea5beae5eb70ebfbec86ed11ed9cee28eeb4ef40efccf058f0e5f172f1fff28cf319f3a7f434f4c2f550f5def66df6fbf78af819f8a8f938f9c7fa57fae7fb77fc07fc98fd29fdbafe4bfedcff6dffffffee000e41646f626500644000000001ffdb008400010101010101010101010101010101010101010101010101010101010101010101010101010101010101010202020202020202020202030303030303030303030101010101010101010101020201020203030303030303030303030303030303030303030303030303030303030303030303030303030303030303030303030303ffc000110801a4011803011100021101031101ffdd00040023ffc400fa00000005050101000000000000000000000506070809010203040a000b0100000603010100000000000000000000000304050607010208090a10000103030203040606060506070a090d01020304110506002131120741511308617181221409f091a1b13215c1d1e1422316f1523393176243536324b57234742535262782b2835484557547b70a9273b344a546865777a2d36494d44565669687a7181911000102040403050307050b080805040301020300110405213112064151076171812213913214f0a1b1c1d12308425262b315e1f172829233732434b409a2b2d24393449416c25363547445557583a3642565a4465617352636ffda000c03010002110311003f0090a68f015eca1fd1aba51ef08f2b49e3281f87d9edd1e3194124e660d50cd69ec034a52242095199836c2ecdbb47edd6e20b306988387d294fd9ada71a156306060ec3d23f483ac804c00605d93c3da3f4eb2018301c8c0b36bd87a857d47f56b1ca16233102f1d7eefdf4a6f5e3ed075a2f3061635f5c0bb0bd87abebfda0e8871323385a8ccc0cb0e5523e9b71faf49169963c217a3381661c141eb03d7b77f1df495492217b63dd812657c3e94eefbb441490216b78e128166963635fa50d69a288cb085edc0cb2be1e9a7a8fead12a4e678c38362502eca80e515f4d7bbd1ea3a20a672061c581840cb2bafd5fa070efdb441491dd0e6d0904c0ab0bfd87f58f4e89523888716440ab0ad81e1bfdfb9d16a1c250e4d8c204da58041ad386fd9ad659e10b9027022daebc7bc7a8f0d692ca621720651bcdaebe8af11f768484e70b1b1c67020daf853b8edf4f468ad181c3183d22362b5dabe9a6b42250676c69c824834fabd001d6aa4ce0d4812823decd10bf51d2470613852d26407330df3305101df6fd5fb3489d94bc61c98184356cb1ca29cf4a95f7e9a9e54a1dda4e108dc991478ffc2eff004fd6748499428d24a672c20d78f49fe2b7bf6f1fa70d6e954b11086a139c394c41fa86b7da8052bbe9734be111dab129e10e431f72a96f7aec3d5fb34e2d9cc4303e31852a1abdd4fd36e1a3930d6a8144aa9e907b386b782c9909c5a4ee7d275b6a3294e331ffd0908678fd3b8eaeb40c3c63caa542f3789582e28fd8ed0ae9c46bdbefe1983df66dd6666596c27e5dc324c5ad37c9ea10edf2d98519944a9ca4b6842404a00ad4d4e93b02a5f2e2be2ca53ea2d200424c825440c4899c0449ae2ed8ed4ba2a556dd4beb551d33aa5aaa1f49529d610eabca850481a944000650210326c19ca0ff000a6da9046f4ce3363f7cfd2c14f55ff7f57f211f6436aaeb6103ff00f926ff00e2aa7fd2838c2bf61240ff00b30809e1c334cc8f6f6734dd6fe8557fea0afe423ec82ff6b5873ff945a9ff00e2aabfd3832c6be619b7fd9ac11ffdb1cb8f0f5ccf46b229eacffe60aff668fb234375b08fff0068b5ff001555fe940c337dc3e83fece210ec1ff5bf2cedff00cb3bb46fc2d57fea0aff00668fb231fb5ec3ff00f116bfe2aabfd381366f9888ff00d5dc21b6dff5b72af671967b35b7c3d5ff00ea2aff0066dfd91b7ed9b1f0da0d7fc5557fa71bcddff12ece9ec2dbff00e6cca7ff00dab5834b57ff00a8abfd9a3ec854dde2c84cbfe536bfe2aa7fd38dd6321c5b9929fe4084127bb2aca09069c3797a2d74d563ff003157fb347d90e2ddd6c9ff00f146ff00e26a7fd281b8f7dc54ff00f50e20e1c328c9bb3d72b44298ab97f6f3fc847d90b1373b2e046d76e7ff0089a8ff004a05d8bd62c76fe478a9ff00ed36467ebac9d25718ab195693fc447d90adbb9d98ff00fb61b97fe22a3fd28136af38c70184c5ff00fa9322fab791a4eb62aa5fdb0ff2130e0d5caceaff00f6db79ff00de2a3fd28116ef18dd072e19147af22c84fa3ff18ae892cd491fdacff213f642c45c6d2247fe5c6e43ff00a87ffd28138f77c755ff00d4f8c380db21bfefb767fb49d14a66a67fda8ff2530b5bb8db303ff2eb63ff008eff00fa5034cdcf1e201fe538e36ffcff007c3dbb7ff38eed1459a81fef47f929fb21c5baeb6e1ffd81bff6cfff00a502cc5c6c144918ac715db6bedecf6fff001fa294cbe4ff006a3397e6a7ec87266b6da70fd848ff006cf7fa50331e6d89436c659efdaf57823d7fdb6da216d3e3fde0cc7e8a61cd3576e1ff0092a67fd33bf6c09b136ca4ed8db29036afe7377aefe92f70ae892dbd2fe7ccff0082216375743c2cc8ff006aefdb02ad4cb281b63cd0efff009deea7871a8f1745169e27f9ff00f2443935534440ff00ed29ff006ae7db1b2dcfb3ff00e606786c3f36ba7dbfc53ad4b6f27fd71fe488746d743207f660ff0068e7db1bed5c2d069ff3134387ff00bd2e5bfd6eeb428770fbeff2442b42e9089fece4cbfa473ed81244db400396c8d9f47e6771ff00f39d9ac7a4effd7ff92214a5ca49485bc4bfa45fdb1b09b85b3ff32b629fff0012b89fabf89b6b1e93a3fd77cc20c0ed2ffdc13fcb5fdb195372b79213f9337ecb8dc37f57f13582cb8712f19f708dfd5a4ffb80fe5afed8d8f1ad4e0a2ace8ad7ff0038cf1bff00f0f8eb52cacffae3ec11b07e9461f003f96bfb634645b31f94087acaa215c796ed704fdca3a2cd24c4bd53ec1f64182ad807fb0a7f96bfb60af3fa6f815cd2af89b14c5737e2e4c86e6dfd543b693ae852702eabe6fb20d45c908ca851fca5fdb1167e793a858d7974890e4e35d2fb464ab96b5a569c8b30cc9a4a40008e4fca67c33bd7b7511bf3a6da029090a9f39fd5289a6da658bba941f67401f9aa3f5ce19ebbe636d2f7950f303e600744714195f48ba7f74cc2c7635675d45fe5dbacdb7aa372c5bc117717310d4978f3780f36bd850e985bb9b8e5b6e15be8275b2d95018c8cb9e3f5c3da6db48bdc566b314abe1aa5f0da953f300678a784fbc110d2be5bdf3329be6cfcd6601d05ea57975e9b6178ce68c650c0c830ace7aa8e5f22de2d1649574b532da720c82e76e5c69b222969c05b2aa2bdd234d160dcef5cef34d6caaa56d09742b14954f04923324632878defb3ed9b7ac171bb50add71d64a24971424429412a9e900cc6623a9285d27e9adb027e171cb80e5229e265177738703bd3bb567a689a47baa5473dbb7c4b84855b5bfe5b9f6c1ae2d87158407818fac538735f2e8be1eb5e8d0c81292cfcd091771a75fbd6c47fb473ed8156dcb3b354a2c0dd3d375b993ffca7768cd07f3cfb0425555d14a7fb293fed1cfb604611b54d7971bf284b04c4b83a8791719ce29b722c09329a210eacb6b1e23201046e2bac1d4903cdc4708de9d74556e298fd9c11f76e10438e120a5b528604c8e206705ef4f7e8c10d68331db1ffd190763b3e9d9abb53c7947954a857ba869ae436034dff00c35e947a6bff006778e711a2edfeebbfd2bbfe7aa1d773ff00fe4287ff006da1fee8cc6adb11b26a36dbb34e604469707b848000ec151ebf6d7d1ad8638417064613b0a7abe9ec1a3d29cb08c113ca059915a7aebf57edd18124f08c698df4aa800a8ad00afe815d6fe9e1db062118e11b095003dee35f77d7e9d6da41c042d6912e18c6c32e514093bfed34d14b44b318439b49c32ce065991b803b40a7b7b0f7692a912ce15b69c2069a914a54d387afd7a2548d4217b48e0204d127850d69c07e8ae892d4c48c38b480001024cca24027eafd9a20b525110e0d3738168b27bd46bc7870fabd7a2d6cf6610e4db580c207a3c827b4fa4f669338d600c3834dcc8c205d8907bcd3b0760dbb3ebd10a6e47287961b1204881f872410687876edd9edae895a2621c10d92440db322a452bc457bb7f6f1d15e9e78c2f437d9020241e5201153b023b3efedd681a9e1210e2d24611b4dbe2a37276df8fe9d16b6b3c31879613908dd6e47a76afa3e95d11e9e244a17244bbe045a95b015fa7ecd60360133107049c098de43c4d142be9fe8d0284e52832584f8428186ceb7c0f8a9d3213731740c341c405864a8731504aaa02954e3a6dac69d5e9421721f4c3fd99da7a6f55e7990b3909e3281ac823c372c4c5e10ca187d538349e5013e234e254a2920501e4a0a77688a652c3eb64aa699428b95330e50a2b12d84b9ea4bbc1fa6504a43a0f03b777ead2e22511b537c531b48583e8fd07f568b58989c17961107df3568c2544b3b67fd32cf0e3ee8faf55b6f677d369323165ec7cdc3d90c3ae36e31fe5a3e76cb680a715d0dca836903f129498612076d6a751ba3206dbbdad597c3abe889034b9efadab8e02b11f4c44dfc94f1f548f3e1e5f64b8ca92b8d7dbe5c52fab9c3ae21bc72e2ae55a2944b6155a9df98ea11b257f11bce894316d2dcfb8e93137ea8ac27675f812092427ff9a920f7c77e8b3b1a9dcfeb1ae8b8e365892d51814683420b2635f89aeb305ab2303163ff008f9ffd1f78ff0073ced68bcbc47d30aad7fdacff0042f7ea5700fd9ad8437a4912223fffd2907608f77b3d1eca6af0c89ef8f2ad78ca162ea0d3f9871f3dfd34e94ffecf31cd136ff75efe99cff3d50edb9c7f5fa1ff00db687fba331af6d213cbecfaea0fdda74030111929c60f1094081c37fe8ae8d4246663529941898570e1dffa0f6f6694a53c631028d2801ec3f7e8e092461190924c662e2534237576f6007d7add08333a8610b90d6027150e106a773ebecd8d771a3259003085c86b28bbc71cd4afa7bb6f61d89d6a5bcf9c2d6db9e0204d89342915dcedc7d437eed10b689c442d65aecc605112bb955f403523d1a23d0ec87169ad323c637e3caa56a46dd95dc8e3ddd9a296d106421c5b6a6413940ab32f61bf6ede8d12a6e461d196652328178b3371b9ecf6edb9f46b45360f0c61c10c9577418634a269451a7122bc7e95d10b64119630e4cb18098c206a34927b7d7bfd29a4ab672c3187569b9ca42076248276df8769dbe874996cf6630e4db59728196a59000e6a0df7af1e276d272d99e58c2f4a0618631bec4aa8fc4481da4efbefeb3ad54dcb842b6918cc88df6e4541de9da37a6b4289439b224636d32f600ae87d1dba28b43808716d1a88946eb32a846fb7aff4efb6b52d885810064981b625569b8e1bfa74529be0a10252e10330ee8ec52a2d2c51602568500a42c0e1cc93b5476537d27729c2a52835b5b8c925391ce0565de26dc511db90f5598c3f80c3602194730f795ca9e2b57024efa4c8610d1594a7cc79c6efd5bf509421c57913901946bb6e91dbbf76ff005eb2539902130ed81269de6150771c7f6e8a22357113131ef4417fcd3af2869fb44752b8bce0dc8db64d06aacdf48d5e9a4738b2f62a0c9c9f28673904f6e1fcb4bce0beea92943fd2e9302aa20026e375b3c348a9dbde2f01edd471efbbd9bb88a73f8657d50f8d35ff00fbc6d8ff00c4a7e69988ecf92eb4d3de79ba2a47b8a63f9a5a436371cb16c57700d7fcaa569a82f4bd13bfd03da89d4ca8f88070f644abab05c1b62fa952700ea7e7527eb8ee4dc1b7a46df4efe1ae9331c82e8c41946baf87b47e9fd3ac19cb082173e1ca30eb4822672817b1ff00c7cffc82f1fee79fa0a265e23e985f6cfed7ff00c17bf52e4040e1a321b8651fffd39016162a0d77fa7dfabc808f2b940ca166ea16f7ec7fff00c33e941fff00c798ee88a0c1b7bfa673fcf543c6e74ff5da11ff00e3a8bfbab51a16e73f0f76dc7ea1ead3aa44f0e111928220f509cf74703b0e1e8d2942413239460a1433103ccba00dfedf57dba56944f18c86d44e51bc991b501dfdb503ecdb4a0230ec856cb188c318c81f481c4d6bc37fa575b8412301843821b03be718d5228788dcd3f5f7e8c4b5385086c9e1189528277a8f6d7efedd18583843930c4e539ca33353bd23ede23edd6a69f08716d909320205189941ba8576d877775744968f285edd3cc80440ab333bcf1d81ad07b3bf6eed14a6b1c4630e4d332940ab12fd269c78f6e887199e50e4cb04c8981a8d26a4555c29b7370fab452d9c21d1b66431830c69153c7ede1f7e932da903842e6db240e5036c4afabd7f7fb74994de5310eacb180e5030c4be523de34ee1f4e07452999f085e846103cd4aad09207b3f476692ad833ca1534de731022cc902943fa7457a5f93a614a512e1022dc914dc8fd1a2cb67110b5918631b497ebbed41f58fb8d34596b3c21c18504e04c6e31241a0aee0d38fa07abbf49d4d918e6217cb0ec8188f269b7d9a28a7d91b0049102ccc80aa569c37df8fd7c75a29331db1bfa6acf84093524a682b515dea7ea3b53b07af49d6d4c658c16b6a53328166dc0b01493ed1f77af494891c738208946d21ce504d69b1afd5c7bf45ad3c4409f08e797e6bb7affacb698c92090fab6a9dbf0f0f56aa9df182907be2d6d86d8525c9e528669d67bebb6df954f9a05a5c434f5cadf855959538ae44a9cb8e6b8f2037cc76aac2283bf512a8792367ee0570f471ee98891b0c6adf7b7132c9d27d895432bf914dc1abaf9d8e8c97d2d7e64dcbcfdc5f2b86be0b38f5eaab4202a8a157284ea2dd3d5219dc764a64a648536b9782093f4c49bab4d11b37703e4fbce343fcb023bb9707e2f69f6d3f6eba29624a31c66f094bbe3595b8fa7d38eb584ca1946beb422504112302b65ffa453ff20bcffb9e76b539788fa615dbbfb6a7fa27bf52e4050e1a36108ca3ffd47eac2f7e3b57e9f56af540ec8f2d968d50b1f515f0ddf71ead4d7a63d26e1de7a778e537eea689a11e4765ff005ceff9ea876dcc83f1f43ffb7517f756a02add247ba6a7803a766d04c478a0e30788532891cbb1daa7b07657d7a5adb627961194b454605912b8555bfaf7d2e6dbd528528a7e71ba89629c7b387a7d3a58867b21521b0321845ff1629baa9e81c2bfa7d9a392c4f0e30b5b609ef8c4e4d041df870eceef69d1e9a7942e6e9e5227031aab9951f8abe9fd5b68f0c8943834d4c800611e6e681dbd9edfbcf1d60b40e10e6dd31c0ca05a34e068373422bcbddda2bead12ba6c098726d8c448610e3321ea061b7bc0ff002a4db6022ff17f288b62540b6086b8512202a9efcf9000f19e91cc52775151df6d44e9ed170a6b97ac5c57c2ab515ea54e64fba123801f344feb2e16babb3fc30a647c5a7425bd28d25207bc547893e338491893c4d454d3d1dbc34f0eb32c843134cc80e702122f96bb24554fbe5d2dd668286dc71732eb3635be325b69256eacbf2dc69be56d039946bb0dce90d5bf4d44d17ab2a1b699fce5a8253ed51021d69286a6b1c0cd253b8ebbc9092a3ec00c347c8be647e57f1f7ee50ac17fcafa9b3ad0e2e3dc9be9ce1f74bb40b7494a79bc1b85f6e9f92d922279684acbea40046fb81aadae7d54d95425484573950e0e0d36a503fc65681e33945976ce93ef0ad4a14e51b54cd93feb5c00f7e94ea3f34fb21343f35ae9c3d3db8965e9865d212415ac5d2fb608738b014a49951605acded3363d450723dcca20ec00aea1551d6fb4070a29ec352a687152d093ec015f4c4da97a2b725200a8be53a17c9285a87892532f64152f9f3a9e85e20dcbb7e45d3acdd8cba1f885cc7e35cec842d2c36a5c9f0dc9e60dc97299484bbf0e988b5ae3ac38952a846b28eb35a974c5c558aa43c0c8a4290532e7ab039e12d3e31b9e8e5c50fe84dea9d4c4bde2950339e5a711e3aa146e92fceabc9467cc16f29cd5ce995c5b5c568b590f2ceb738eca3ca9089b11b666460974282bc78ad25000255450abadafaa360ad3e9d753bf48f7e90d683dcb465fc648ef84573e965fe807a944eb356d7e89d0a1de95607c1471e112d38ee4764c9acd6cc8b1cbc5b6ff008fdea147b959ef7669b1ee56aba5ba5a3c48b3604e88e391e5467d1ba1685149a1ee3ab0d0a6df6d0f30e05b2a130419820e441e22202aa77195ada7db521e49914912208e04418db915a6fb7dbebfb75b16f0ed831225020dbfe9faf44a9b9938c8c286ce338dd69d048e03d20f1d10b6f8110e2d998c605d976b4dfe9f7e90293a4f642b4e2204da905240aeb5946e04e05597b9b81fa7ea3ad549ec80411818188cf1491bec695a77f66dbd78691badf119c25750065940b150536a2388493ebdb88d225e46130ce39bcf9a4224cdea15b596d0a58f1d74d8f78eeed1aa977fa8265ce2ded80094ae18979d3332c1f2a3ea9c7712e4737aea67472d49252af7c3d974691c9b509e6f861a8534eebda37d19ab401f3889653147fcf9605700a51ff24c365f90b4103cf97476425056dc6b6e7e969ddd3ff1cc46e2ef32c1a7312592350ee9ed4ad7be2c54cac836f288ee6c8fae255d5e6527a7d7ea8e21e647ff0030477aaafc475d3cbf78c70fbc71946b1d69041ca35d5c4fafefdf5aab31042c64604acbff00490ffd1f78ff0073cfd16acbc47d22145b4ff5f48ffb17bf52e4068e1a3a110c847fffd57c6dbc7be9f4edf41d5f294c801c63cbed2215dea53e06438ed4ff00eabfa4877ed27a738d907b749e841f4dee7ebbbfac543cee340f8ea23ffe3a8bfbab500306581ca2b4a537afddebd3eb2898863f4c4b0837c49fb015edefe1a5eda26441a968938081944bed24fe8afd7a7465ac0610a90c4e538ce27f2d37a7da7bfb74e086872c616374dc651454faf056debfacd7d474a92c1221c5a6658011699838956ffa29ebed1a352c6a19185a8a7278631857341dea3d55fb7d3c347229e47185ecd3ca53184636e5557b9edefdceb753004a50e8db33188c206a249d89ad07b77edfd1a48e332261c9b63018610608b24d7b7bb63f7f6ed4d2571be0442c4320650c43ccff009d5b474f6f6ff46b03cbf17c73a913de76db71caeff20cb8d84369b5a2e3267376b8502ede3ddd0992c311997d014a7e4257e186505d14aefbdf9554558f6dddba940b909071f591a5ae24212705280c352bca0e001230b73666c7a5aba66afd7e2a5501c50ca67a9c91cd6a1884938e94e246644e39d0eae79b8b7e5f9864cbcaba879c7522d76dcaddc3adcddddfbe5ce3662bb6dd22377e936f4fc67e5eed9263ae78679d94c75b68e62d06cb675cc57aa8b9d65c1d15f7176a5d139a9c595104e7299c3b9321ec8e8cb3d251336f60d0d0374ed293eea1094e12c272133e249ed82df55fcc0e028b24eb1d9e2dcf1eb7d8566cb1718b1cf622b972b9a50955d6ea8b8db26c7260dad1cccc78a88f2111995340043cb52cb2b6c29c507344f09ccf765e3ccc3cb6545684eb20cfe61050c7a6cdea274fad30ba673ed56cceae926e862377c061dd998d116562c85a993977070caa2d0c3cda1e59652b41f154b5b6132dd6e8dd5971a516e632e5c65f64398a379f0b93c92afaf84e237faf3d33f3331eff001979365905eca23baeb1fcbd6bcdaeac5c20ca82405aed9072516d9b6e8f254aab7152e042540a509aec2556fbaeded2a2e32434709ad20e7c0e99fb653868a8b65e8a12a6315823dd271ed99c3bc1305ae9c63fd62cb323b759dec7afec5f9b9884bd24428101e71f3e33c954854c535f1c58f86438e214a71e58412a09400a39a87ed0d24bb4f52852279627e6f1ee106a9baf2928798d3e533576fb643eb94f08e89bc8ff009d8eb4f93dcbb1fc2d9bd5ebab98963d63ba5b65f4eeed7f9165b542812b23b9cbb7d8ad522e26ec88b2912ee6fc96931195311dc490d16a3ad487645b6778555aea1a53735d200521b2a322999321f9b8924606467db109dc1b629ae6cad4f2426a5441f50244e7202679890919913c3908ebefa7fe60b02cdb1be9c5f15738960b97526722c16ac56e53e2aafd0f2b6ed570bb5c71e931db5254e39098b63803e94f84e733676f1520df76fbd50dc2968aa9b7024be7484123505804a904730067c70e714bd6da6ae89faa654d9525a4ea2a00e9282400a07919f863ca1c036ed13b9a11f422bdfa75299c3724906375a77811dbfb7868b5a3d90bda3e54c0cc67bb2bdd4fa7769bde6c672c216b67840ab6aa8fbbbfe80e911122441b02519cdfbbbfe9f4e3a0637562207d856c37dfb3d7fd3a21c1f4c10e4881ce045f98cc588e487961b6d08512a52801402bb93c36fbb4dcf108d533c211693aa433885ef34560b1f52baa70c723521962510a572a5c04873704d0edb6b993ad1bce9ec34ca5a46a5e3172ec06096d499e244365f9ad745e14cf96f4fc4ed2e336c767f59ba3ceb6e219756b75712ed2a4961866336e3cfc8710d1e54a5249a6abae9c6e0aadd9b5371969e6db514fbce2b4a109066a5294704a522649380022574f4fe86fbb124ca44aa64992533046a519192539a8cb2c84e114f936f91ac8ba5fd62e9af5c327bd478f222bd798d6bc52db1dd70c38775c62f36e42aff757565a93702dabc42d3080db4b253ceba6d18d81bdf6ca3ae7b2369592fe8b8dc2a292bbd75a704a4b4ceb0a6d3c10af740512a206a329c8487ac2e54af60ee2432806da8aa674b9a4a4b83581391c6455889c8e994f18eb08f13ebd770afde31c42f708d756c4facfebd6b046423595f88fb3ec1ac2b8410be10236335b91ff00905e3fdcf3f452bddf11f4883ad6675fff00c27bf52e4068e1a34650906423ffd679c97bb6bb7acfd05357ea07b63cc708c09942a7d5093cb91e3a2bbff859d20eddb7e9ae346a7ebd176e44d0f7f4eefeb150f5b8904d6d10ff00f1f47fdd5a82bc597cbca79a95f5fd7f669fd94c84a58c34b6ccf383245b8529ef6debdffa4e9d9967285add38e5281a6ee150286bea3dff004fab4e8d3729085cdb1c93177c777abea3fa77ad3bf4e8cb3842e6e9e72c318f7e63b52a3eed2e433d90bdaa590138b4cf35d944d6a6a36fb77d1fe8194e50b90d0c808bd3289e26a7bbf5d6bc75b7a278030adb6311311b0d493526a0f0ad4f0eedc6e345ada30e4d3404a6207613ea56c0d0d40e3fa3d5a4ee3631c216a1b386184325f387e7cf03f2d586e4d071abcd9724ead448a98f16c09961c8f8e4b992a2dbda7aece210b6177969c989723dbea5c57229c78219428aa9cea0f522ddb729aae8ad0f36fdfd2082019a583cdce0562624d8c67ef4808b2f666c2aabe55d2545c5b5b5692a067929c19c93c9240c567f8b3270e59baabd4cbaf9a0ea3753acb875aa44ebb39625318fc155c194deee37bc866c2b6db26a675c1f7a8fde2eecc896b2529087a521c1c816e2b5c82ed7b88f42a5f714a5b8e952d666a52944ea593cf13f5474db76d6d2998094b69400840c80182461d82108c7ba75d60c117935df2062cb16e18299f875aad0bc8e0bb0ef1726a4aed572b858a0f339325dae3260865a750d2038b40e67391413a6fa9aaa57968080ad0b3a8996239249ca7c4e621e69d8d2ca0b864be1d92fdfc270925b716976263a8791c9970af2ed86db708778c9957537195172fca9d79db8c0b196a449699766c371a85ca5d2a52597561c29e52e2e5d5facaa56120a52a94912c34a7224c8138cce5c72e441a30c853893e79e7de71cf0f18ddc170b9b9061adde246637e6725c5ccd66ed7bbb4f6ee56e8f1bf3254754666dd0672e73ad5ad8888f094a53d1d75095211eee93dc2ad29aa5368a349657a701dd9cc8c09271cbbe155bd9d0c275bca999e2739f0f0e10fee274798ce7a598cca8bd4db75f327c82c4dcf9771bb5f6e923f21831599d3ad567b4d82e6ecd7d5924d84db25ef1d98adc40b4a794d798b03c941a904d34809f2913963a78ce7c61d59ab75b42c2973d0acb8e3f39027f2c212de943d915a7a8176c4efac64365c6ed70a7cb79ebabafe393645923475db654780ec884cb88b432e290ead4f28b6b7f947300797445524b484b8c212564e3233ee07be1531e9badcdf74157019f793da7103b20dbd40b64ab3e638f4eb43f331f8b8e598b488b6496dae34a91708ef40697746a738b44d936b65b4c86d95169959578cb73982c0cdbaa6af4c820489ccf023132973e39c27b8b74412ecc8538711e1c3b070f9a2433cb2f53dee9275ce3dcf3ac9329c870bb36158f48cba63d1e039708f797e158e55b5769977329b8dc5fb1aa1b8f3898cda10d00b52028849330b45e052d4b0f54a9413aa73132a12c8fb621572b5fc5b2f354e94f291120679a4f64b2e31d747970f337d2ff0034185c8cd3a5d95daf2483066b502e5f0129a5cb86fbb15a92d26e76f0b32ad9217cee34b69e4a54dbec3881509aeba836fdee92fd466a9829d6932509e531307980470e06638473fddacf5166aaf42a1b201ca7ecf197d18c3938ce920035ad7edf569e942465c212a25a64206d85ee3bfb3dbfb7489d4e04185285620c0eb2aa807f6fafdb4d35b8250a819c0ac7343edfd5fab45467be335c2e82d711729492a4b6927d541bfb34df70aaf85614e4b28c04a5c39c31eeb8f9887e3439363b6ad2d38e55b5142fdf482083400edc75555fb79869971b6bf9c8dcb6db214bcd4219ee357bb5c7b89bd65378b7dba320b93244eba4d622b2cb0d02f48796b90b4ff0d96c152c8a8035cb7d4fa1aadcf6b792cb4a72a8cf4a5209249c801c4c4bf635d9e55c128420933c80261aff00981ebbc9f3517a9bd2db7d9aeb89f4e708ccf1a474d6fb9459e5c0467794d9e0c6bfbf975a90e4c6d8fe5cca5ab91b5db65b8da941319c294a14ea926bfa2db75d69e966e3daacdc59374aca74aded0e6a0d852fca89a7328501eb63292e63018cceab7c5be877326e34ae22a1ba35e9aa6d0a9ba1a980b5840049f4bdf524e6066338960f2496a7236358a3afb4a65e8d766e3ada536029a71a817369685ef54f228115d715fe0b9da96ff18565b5d6ea1534d4d754281cc292c14907b8c5c7d6f552bbd22b855d2b895b0f394ca4a8620a4ad2a041e208331d9125bfa77d7bbeac498f3e1df7a538c0b3b9fabecd62093946a93c4fa49d6aa821c3f4408d877b8ffe4178ff0073cfd68acbc47d306da71ad1fd13dfa97203870d1b098651ffd7771e376d78767f4535d04da4479a2133852baaf279726c7477f4aba3a694e35e99e307f4e85b103d37ff00a777f58a87fbfb7aab68b0c7e028ff00bb35049626d29b8dbbcf77ead4829d1354206590991963032c5c0edef76f0fa70d3f32dc80e70e0d31394f281a62e150073509fbbf569cd96b1138716a9c72c233ae756a02b7fa6ff669d596e7200610e0d332c00c22c133bceff56df5e9c50d72858863b233a26d69b8f5d4fd7e9d280d0962214a29c8c02637913134001e6278902807aebac7a5d90a90cc8e51b6cbc56a1b903bbe95e3a2dc4003c61736de18884fbaf5d4e7ba4bd1ecd333b7bacb57d8f6a936dc69c91b4767209d1251853249d82635a9961d98e124242239e62054ea0dbdaf4bdbdb7ae7736ffb4848437fd22ce949fe2cf57844976f5ac5daed4542bfe64ab52ff809c48f1cbc6384eeb579a6b9e6f224d8b1998f48b0b8177ec9efb7353c6f59de5d717d2fcbb9dc9d7dc75f8f6a8cdb6db51e320b614192b73df040e1bab6cbc820a8a9c7164ad4712a24cc99f32719fdb1d596fa7f87585a90948090100649004861ddecca132f2cfd48bfe1196643d456a7391ee2a7d768b2c874a1c69cbaa637876e65e42c3aa6da62331caa580a510484d146a5b2f74cd16e9a9d0304a351ee39f8930f94254e21f75d44c15903b4032cb942cb27acd1e63ce6118bc445b20e5796b591754b3eb9a9570c9b23858ea22f896f8b3e5171eb1dadcba733df0b1c21a2b9b4473294a2199ba29b4b75fc5c4a64da72d255c4fe71cfd98e10e4b75d5266704090c3291c8784876c213d41c92e6d3cf45c7e74c856c7eef70bec2b030d2d2c2af11dcb8dbe15f6e4ca89f8d9a80825959e7532415a4737290e542ca100871332400544e3a703a41e039f3ca133ca0a92f13a2400e1397d501184cbcf45b1cc7eda970c4bd3686668725b515f4a986fe2ef0fca7241131b66438ef86a79cf09b2a702ab5e5429456b747adc7f350c84b3e0072c33963978c6948f385ba66979cccfb258f79878d80f5e19b1169fb5c2916dba40b547b75ea73134186cdc635c6dae467b15405b488f6e6570a3f8715a5c892f2900bae1249117aca359484a152493a80e3c7deeded38438a1486d642b19f1e7cf0890abff0099dc1b2be9b5ae6f51a0b9667166058e5f502c7844eb95f24aa3434366fd2937eb8b1197766d2122195b2fad084254c25a494a8b3a5b78ac27482b1867f2e19e3d90b94940d5a0c9244f90f60107fe9ae0fd06b1b3f058fcecc2f92eff008d9ce2e7917511871bca6e58ccd6fe3995bd8adde14576c766bcdde507dd5f207a54671252a2d24927bc5d0805c380c069187876f8e5099475ad252d6329104cf1edee86d1d70b75dacf8dded6fdd2d969bb66164970e55d3f319abb8a26c49b1992d43b3c288b978eb497d82d8124875f69c21294a695de9ea0eb68284c83e1f2f9a374530505284c8001ed9c3b5f954f98cea3f4c335e9fe3f83e6d6d8f769f96fe4d9ce2375ff0065c67258729f41547b934dc485706a7c95bffc25d121a9080b00d1c56a79b62ff72b35de9be117265c509a4fbab1c8fd58e181886eebb35bae544fbaeb732841f30c5492388c7f7f29c76d1d3ecc6d3d40c4ec79a5884816ac8221931da968f0e5c479890f41b840948e024dbae115d61c20f295364a4949075d434d56cd752d3d5b13f49c4ea13cfb8f6838473e3cdae91f729dc915a4c8cb2ef1df0a3b27714a6dfaf58731260c49e59181a65ce44151e091ecedfd1a6b784b542a42b2062b6bbd469af38cb6e24ad9202c022a28748f5a7cd8e51b3a084cce5096f5b7a950716c7674743c8f8b5c65840aee14411eaedd557be775b742d2a8d8502f284a50caf553aa7d0cb026a88a2c19c99d4acf2f69baadc763251256929529050003ba56920a4a46f5ecd55d69a63707dc72a95332271c8089933441aa44beeca691333cb0c719e12e73c250cbbccd7552d582670d74cc32d3b75bcbb25879c94f2a4f263adca4d9a5d9d70790c75a2e13ee8853dca096d986bf156b5af91aa26aae342aafbe2b6e7aaf86090e542945641528e0d2958240008d404e4ac2431286d178acbd537c56d76e4da9d4b6dbcd80992dc32f5107150040f22ce0754d0909913bd69e9de57d3cea5e35d09eafde6c973caa659b12bb63394d8d890c5b23b99f62f0dbb1a0b12d96560d9739c6608fe21a27df20f2ace90b80da2e2ca1c3a1a719919190295128913c26144739cb9420ada376c7b88ee3b32bd46ca55eb85e3ea36c38a2e4e6acd6cad7a8c88ef90113b7e4de43d36cf2e3cb8ce44b858b2e445b84677982989eab64a54b60d6a498f314eb74a90426a0d29aa43a53d3ea7db3f8dfb06e7a26656dba5bae0a0a13d21f452e97477ad3a1ced255179dfb78505f7a2776b2d2ac7a94154c252064585b816c94f6013464252024308905d7ab728e5373def0fb6359678fac9d6609546a9fc27d475aab84277723dd02960ffa40ff00e8fbc7fb9e7eb439788fa614d9c7f5c27fec5efd4ae03470d19090651fffd07461da0ee3edf5766ba1db4e423cda4a26273850bac3242326c6c77f49fa364fb7a638bd070d6d6a49f49f27fef0f7eb15124bda3fadd1997fb8527f766e13d6256c0d6bf4dbbf86a4b4c8c442269a99998136e6508df7edee15fd7a7ea744e58610eecb52030c604d89c6a0731a7df43a776d0048018c3832ccf12204d12b9a943f7529db5edd39308942f6d9c0196119172c57952aa01b156db83c057b7f5e9c1b442d6da9632c62e6e49e6dabbee2a76ecdbb74a92d89e507844b18148eea94a1556de8f4767b7416d81c31835081872830c5554a7d14fdbf7691ac4f030a12060065117df393ea6afa6be4f63bed49f875e55d4bb1e344f84b5aa433331dca13222254829f0be25b5f29554129a81b12451bd717d4d6d5a66139bb5891e0942cfd328b27a694bf11b814a97b8c28fb54911c38e56d3302e0ea6d6e0541797567c25a165652cb8549516aa096a43cb4d2b4ad78eb9628ca94893a3ce39f69fb23a36ab15a4a07940c7bc0f978c2d38e599fc75b54c36f91319c62ce8890a236971c17bceaf4db9e138800150446726a13cc473a5b154d090a0cf50e0a85a815c8b8b993f9ada7878ca1c182a6a9db4a00324e47893fba4c05638c45b27e7ace5f31c6571648b108ec3aa2a66e825353aef31f5d15ca886ffe26d20d5f0127f083ac546a78b669d19898eec920787cd8f130a9252861092e4c4c92799966614f9775c1db8ecdfadf6bbec75d9a0458ec296a69e753322408e16fc90d3ce2e02971db484a6adbe10e829485b812507a356e381bd634ab13dd3e1cf1f098ec82d0b42438e92349c00e39f2f180ce9f497dd5dea5b96f8f6db85c9b6dc88da56a664c68309f71c444710fb92f9e5dde68507398ad494737290e555adead091e9212e1584e64f12788cb0025fbd84164adb082404f1978613940960502e768bc25cca106daf37724de5d6a1dba34eb85a6206da518e1125d0ddb20add5a44990959690925ae63bd49aa0cad23d0c404e9992402471edec073ce16254827ce319e03eded85dfa5dd7bbe263667d3eb3dd3278b8d5d2e0f5ce5dca2c78884bbf95b6f194dc6bc214faed76c78b5cf29f6db4480db294a39412a0d6edb534de838ea9056b38099989f3065f58850fd52de134352537812722784a44ce5f5c381f299993b92e7b9fdbad571b82ad71304b35edc8f727de79c7b219bf944cb905a66bd3ee173b4c6ff8b865e714a7aa9a8256ad11789b54f4eb122ad6af62660032ee9e1065bd054a702c113204f94ccce3cccf38723e623c8c5cd5893d9b631d42b8e4fd4f9b9a6018c753b1abacc6b2745a5eccae17c66e694e3d323a98830a1dc9715d5a03697415a9c06a285b5aaf75080aa8693e8494461250570f30c7e9c65943b53863d4718652a0b1aa467869199c789e1d93847fa6bd0ecb7a157c88bba26db1b23cbadac63b3ba6d6e849b847650e4757e6797dc235d54645a1c4b2eb9bb6e8547797ca8e423941cfdc3e25b6c0d5249250a9c962594e5cbbb1e30943010a787a43b678820fe488eecfc83498ce794fe8bda18c62e18a3b8d6236fb34c81707de9abb94b29370919435717c0767a3297a72e6b8a5fbe892ebadaabc814aeb7d955a9aedb3687430a6d4194820f1329eb1cc2e7a87791c2396376d27c06e3bab21e4adb2e9225c04fdd3c8a7ddee91e30f49bd8a47d386fa91a8cd4619dac8f7c6f38a222ba47634bffbdafd9a6fa8f74985cd7bd8c33dc7baa66d19be496f92e2c2582e94d4ec29ce78d7d1aa9370eea4593e2fd4579a4650f575612ddb1b71bf7c8e111e9e607ae172bcf5db0bc65139ef80c82d193c65472fd1871d8af42530f06bf0b8f36f14a41e212e1d50ccdcdbbed45656552cebd6349394b10478cc4396d5da6a7ad571babe81ada28562319198f9a0a2ef5015d1ac0b27cd6596a2cfc85171b5e2a65292db4eaa23325fbadf26057bff009258e1c090f3eb483cc232c0e001adb7f6f1aaa66d5b46c4eabf69d594a5d524c8a5b59906927829d98072920f6c44f7326a3755d293a796471414e38dfc6a9248936b969a54a864b7b523d5386969404fce65183d4764e5bd69e945e6e92654a7b2c534b8ae5da3a22dd9eb524dbac905739a5ad6fc39174cb72c7dc5324ab924257c493a67a96c6d5b4b9684b052501495a92997a8e213f78e4ce2521448072d291173ecddbc2d37ab56dda2a24a2929aa523eed20a16b6c2dc52c19898096bca48906c2444a7f9fec62f363f32164cfa034fa23b3d25c0a55a65b3e224317ac3f379eb6d9d961039391b51201500aeea6a1fd48bb29cdb26f548a336e8d4e254320a6561c91ef03e7885ed2b5976ef6bb7dc90a521daa5b4b499c8a1f6cb64e52c351244c738989f2e573b6cfbcc1c8eda931ec5d53c5ec79bc34adb4b4dc4ccedd11bb5e5b692e03fc494eaddf115b0e67d0eee483ab03a48fdb2fbbcf625f1a014e143aeb2b066343b48e24f3026950071e5818812aa9eb4536e4d91508526e56f7dc61c04992d80e05b4a09e21b5a7483879549ce70f73bfd5faf5db69f793df10e73df1ddf6c6b2f81f51d039982951ac7707dbad15c213b82731d902b601fede6bff00885e07ff0043cfd68ac8778fa61559c7f5b3fd13dfa9720300510283dbf43a30410109c23fffd17285c22a49eff67a7d275d16d0c63ce200e065841ebaccb232ac6857ff0054bd185135eee9762c7d5dbaded407a4f7fe21efd6aa24b794ceae8c0ffb8527f776e13665f3fd6eca7f4efb6a514e32821940988dd6dfaab8fdbea037f469fa9000043ab289c08b1209237dbf40e3dda7868439b68cb0c2059a7c9fd9c6bea3a72684802217a13c23650be634aedb6fde7b34b90309c1e848ca36d0e6f4af03c3b3f4e95a7100ca0f4240c78c0e4359a8df8fa7b7b3d1ad5c1e5830c19e2ab74d3e836d37b8244f7c6c9ca7106ff3e7957793d1ae8c58a3b45eb32333badfa745014b171b9a116bb4db985b43992a4c2b7cb9af85149e45f2d48495579a7f10554e22976fd26a2182b75679152421207f947b62e5e91b0855c2b9c23ef4a1291d80ea51f0f288e44a7418d697a63f29d6242db98f484b8a75a2d7825e69c683286f76de7035ce9091cca6dd07dde3ae756dc71d2da1b4c84b9761f97845eee219434fad6b3a4a88f9e0c63ac4026c4a896e08916b96ecc578cfbab4ae7216a7235c1f55525e2c870100a850b201db5afec9fe7352b023e43e5ce12b772124a4191225dc39fb3d90198fe48e6450a5d8a906d921722e5789b7e96b71d9c9616f3b24b716b54aa638f4855080a71454796868526bf4c9634baa05400000196038f661053154a7d7a11e5499f7c89fa7b7d906cc1a4880bb45924d9a41aae74972e929e4b4a89f1125323f32f09e5220fc532c44ab7e3ad43e250824808582d758a0bf59ff0054018090e3212d238ca7cb84fb21f58a62021a6d33903f5e27edcf941a2c91a5cf978dc49f145aa2e45784b321ef19c7fc0b6337886ca5f5cd4a52ff003221b8c214f78612a412a4805c5688754d6873d256a4a53c78923ed9e10034f85ba1f1e7489e19604fd220d565b46652635f5d45a151ee73d8bdde13292c3efca717649694086875e426ac25f5214a4a41f1820508436469a2b2e148871b683934234cc4c6444e7f2cbc61fe8ec8e29b69e5cca56a099f0c6342c166c96d962bcc48c12c4b5418eca9cb6be12b6e1ca37688b12d2973c45f87718ce073c4f7795be3556b5a9a86df758aa099a42e467e1f488d7e1514dea53c8e8d384c7294e5ed857fa317dc87a713225c98b85c1e9f397654292cadbf82b8dbecef5af26996f0c96f924b10dfb334a71490a353dbca0690dd5e4c92b0900249ff00289c7bf19429a1a54bce86903ca4ccf31207130e824f51bacaacff0038ea2d8eff00708d79c8eff204b71975c2e0fcd2e0e3f066294a20a1c8f31c096a4280282926a0248d31a025e2642491323bc438bc965961a69c1c063d98cfe6fa61f1bbd3dbef573028dd56b9e536f917ec06cd1234db93137fe73ca2e706f56e96a98b8ea753326c281f061a54a08421d5281e62e3bc89d5a2a0a25c41d04e3f44365429b65486d95c952121c31f194f1f94a3aadf950f50aff9e793ec1e1e496b10a7618f49b0c49ad3cb7a3de6c935f7ef96998853cb71d43ac353d4cad2a5134424fef1d75374aee4bacda4c5338821748ea9a9fe727f9c49f00a91ee8e6bea4d0a69373befb6b98a96d2e4b910341f694cfc624c800020f7d7ee3ab05266a5c43599f9b946d2d480c38166839140d4ff005aa00d33dd2b19a2a771e75402409c292e8692564e51191e616eb61c067dc67c77926e7740f24252a015556c3bc9dd7ae37df37f6eef7475283f72091135d916aacdd55ed36a4134a82386111a57ce89754fac7d7df2b175c6c396ac4ed57eea25ff00ab999cb4845b30ae9fdaed16bba2eeb2df754db2664c9b1531a23455ccb71c2aa7236b220db82be9ac3b6ea1f52f4beb203404a6a5cc1129c8481009270e1165ef0dcf6ce9e5aef34edb097ee6fd3a58a56332ebee2b4a7018e8403ad67900918a84133aa79ce37e607cd4619d2bb1439d1302b15a1eca6e56bb9457617e57d28c25c6b2062d57784541f62f3d5ec8a2db93319728eb1677511dc1e238b48a9b6cdb6ad9dcd53b8af958cd40a64bb58b2856b0b53693e91065228f534a51c17a92b1e45267bec5e96d7ec0d9155bdefef25dbc543b243824b2e54bbe45bbab228601712d91829c4ad499212984a72e8ad5f7e625d26c1ad4d266c18fd58e96e081c8e5d76388382c493d75ea45cb90f8810c333a2961ce629f0c9424ff0057520dc55eabdd2ee0ab69f596d9b7a8f9863a9403491318099c70ccce1ef63bbea36fee06d4a517be25d4eb1eea548552372e03ca66991c499c4d479a6c45fcdec16dcde04ffced9fcaf33837785123ad69c42d96389f176f72e8fa52e842274c8525de7210087928e6e0347a764a2e9d25b4b21c57ad57435685cc13e75296d00392645bc70f31882ee969547bb36e3f47f76b66a5a91c64b2a71208384b220678438be9665f68c0b0be845be4bd3167aa799e1f69c5adb1e3b4f2615fd779b4ccb949539b3d12df36cedc97dd71351e305255b3d54f317f87fee9be5d3755cb62d6a54ba5b055071978927eeea3585d3a81fcc5cd4894c6925240d2099d75b3a71693f1fd43a5a729b81a1521f9613206842c8064a9c92153e202863389365713eb3af64db1e633cc4717ac644e718163edd05892a085c6a8edd166095f0818b1ff00d21ff905e3fdcf3f5a2f21de3e985b6afed83fa27bf52e468a5b24024d06b6d5c84cc24fa63fffd271449208f5eba2dac0c79c88c70307beb3957f34e3877aff0084bd16dbff00ed762a7f468cb54836f72f887bf58a893dde5f1947ff0080a4feeedc262c28f2fe8fa8d3edd4a58e1043464a81fc76d32f21bddaac5094ca255dee112dcc392161a61a7253c9683cfb86be1b2d737328f62469d92fa29d871f5cca50924cb3c070ed87ba1654fbcd30896b5a8004e58f3ec8739d59f2c19174b2c770c9a165361cdec165956c817dba5816e066df36ea9ff66480f50bec1787865437e6a54691d8776535d6a19a57291c62a5c0a284af32139e591963134b9ed87ed4c39528aa6df6105214a4e409cb3cc7086eccaaa3d3b7b753e6f218c32a0e3024d1af13d800f67ecd2b6c891854902630c088db6fbffcaafdda5ed99a7c20ee503d08ee9f67e93ad1cc52601306889f8d3eafd5a6f7658c6e9f74443a7cf6dab723ca4621716d2f9caa27521d66c6a61c0da4592462b77772c331496cbbf0a1a890c208525297d4dd6b5a6b9dbafcd52b962b297572aa15be418629293ae7c642493df16ff491e759bed5487dc7c379bbe634fd27c23895b85c5c90c47860a7c168ade714952d4a9121c528175e2bff00388680400050246b9e996824a972f31c3b87645c154f159080b9a333df013c780efdb8edfb068f8471b30df931a436fc552d0ea1402548242bdf3cbc808dc73834db7a6b47128520a572d30731ea07505a04ae6252e3d9e30f33a31895f7ab977911516b794fc7f059298a97db653314902335ccbf12b214a6c9e4dc2194289a7bca556bbaeef45656505d7c0d4309f2e265cbe932031c22e7da5b6ebee5a430c923579b9eae099e4799965892650f0ba89d3263a6f6bc7e34e5476ee365096e7b521a4f3b5283b0021b4a3c62a623b6ddb9a4a038399ee675468135d41ac9b91775abf2a4860832f9fb33fa30112cbf6d34d9a82a6675d4288d47bf012ec9ce1dcccc42cf78c2ec8ac62c0fc8b6b112dd2e2cd4252e25ac7ec115844cbecc711cea69bb8482b594051f11b52947f124989a6e8b6eeb56e55b802d4e284a6732af2a40ee03d912a4d8da5d8a83e11074a594f7e03cca3fc6519729c361cefa718ef4e9e8b9bbf736463319f631dc8ae3190dbad36e5c64cbba42765ad28f0a3994990d9f0dc215e33b415029a9b59ab1c79d551a95a9f59529299f149c401d8913ee1100dc744b1481f6d83e9b496f561c169027fca8d9e9d593009f9fc6c6537687f97a2c97fc86c8fad497be223bd8d227bd1224ae50e3d20db5e7545202b95b48a9d81d1b7772a7f671a8520829712957649606308ac6db62e85b4f98b8cab4f7fa6af6623db0d63af1d6694d3e9858e5e5cb6cafceae38cdf5e87c8c2674565ef835bb2db8c869a666409b676df0a4a4ef355b9e5a6a4b62b526a1b71d7104cdb0ea07398d52ed0667d90d97377e05ca515281a3d62d2e7f9266a03c3000f2874be593a82d634e5d7228374b75c8db311c6ad7716b297a7a71f8f36eb75b3a6dcdc89e54ec76962e11cba9687295ad2e1239028169a861c2e4b4f954a3e0063ec104d7150548a244af094a673e1f294772ff002898d317e526d97e7e41543bee492d36886c460c5b63dbecb6db75b7e2edce2404cd176901c75d75146c14842424a1435d17d23a7535b51d7d4a3a5daa7089e5e5d2998e73963dd1ce3d50727b95a6081a9aa6403ce6a25523dd3f9e25348a048eefba8756420c82971046704e3ce346e085bccae8be4425254555a700adc776faa977c0b85d02a869261ae2614fc31a9521b9666218bccc352323ea95aacd6e0f5ce5cab933061c08e0b8f4994fc8436d30d362a4adc59a7dfae4cdd29a4b456ac38f814ec82a714720067fb9db1d7fd3eb45bf696cdaebedca4d30db256a51e094a499f69e406664338af9ebce72bf2dde531bc430a66559b37ea964903a6b7ec8db88d48730bb426daedef23bec38525b2cbb25c62dea87014e85214bfe294a9a7140d2979b85c776d3d4efdbc5ad48d8346e06594ac940aa50334b28e2a0b589bce2401a66904cfcb4f747ba7974eb6f58d9dc1ba1a34f6e420bb4cc854d4184ae49d7984900fa8e2a522e943627e9c322f221d087a3f443cc5f9a044a9f9766d6dbff004dba6916ccd2e5de720b65824e598c64b9864b7d400a92eb971810224742812a23c75103992352bda168abb974af7e6fbab0955c6b2aa9a9994204b4b5eba1c73481eeb64b686db1c10d4b2223a6bf1417bf83aeb0f4bec8d269986a85da82ac001a195b54cca65c402a75784c9524f383b796bc4e323abdd46eb5dd608911b0d939fd82d393486d7e0dc7aa9d44c85570ea7c5b3bee21225b58063967b6d89f90d9537f1d22630951f09406af5aeb2836f57aeb49f8aac79b469e49686299f12167cc320ac330620d68b5a2c3b636fd8aa8cefce32cb8e241fe6a990c8f442b92df714b7b49c42128264550edb13eb15ee360fd5bb44678ff002ff53e344c4aecebcf931a3aa1c94de5a2864a4d1f522daa4a3de0973c55214083abaec742f526d406adf28b0228dc5be34cf486417c90b9fdd821275103f2799111bb852d3de2a9eb73ee69aa654875a0000a59f5100a428f6e9c8122584149dea74e99e757e5e5d276d7c967b0e51655b4d25f578926e4f62b7f9f35d5b49506cb11a3c46d3c0d55dd4d71e7e0176b52369beeeb4a81acaebf3c481986da4108078ca6b262caeb83ff0009d3ebd53ab3553211de4ba09f1908e931428a50f49a7ab5eabac6956a11e75ad33981185436f56b6704c0309943022355428a3e9dff005e89821630817b0ffd223fe4377ff744ed16bf77c47d30b2d5fdb07f44f7ea5c8d7038535bc1004847ffd371aa4ee7d55f6f76ba25bcfc23ce349c60f7d661ff005a31b276ff00b25e8b83c7ff00badc5bedd196c3f72f11ff00787bf5aa8925e0caae8a67fdc693fbbb709832823ba95dfda3d5c6ba9353a86109db500419c0cda6748b3dca15d2210993064b5219e74f320a9a503cab49e2858d88ee274f0da52f36b657eea84a1ea91f532eb6ea3de0670b75f7ae591deba7f2ba6d0e043b3e3d76bcb17dbe965c7e54aba4c880984c29f9054a621c570f3842772ae276d668ac54cc5c5bb9adc52ea50d9422720120e66433279c4a977e7dea055b52d8453ad614a9625446589e0212765240eff4fead4c1a5709c2341ca049a0761e9e3ddc787a77d2e6ce2614051c3940823f17a80fd1a56de00c1e9ccf840d42e29f67de75977254b9c6f06a843df03b93dbd9a40ec1a3dd18c4247cfd2eb22d9e583106194be95deaf17ab3c675a614f2399d9789ceb8b4ea929298c4db6dcae5592362a4f150d736f5e14746da05bfbaf51e33e139230f64cc5c1d2c6f5575c005fde696f0e3f978f74e538e2ad2852d61b482a5a941090372544f2803d67544950092a27ca04e2d54b6b5ba969226e15480e64997d3079c5fa699be619458f10c6ac136e790e412188f6980db612a92e3ca504ab9dd296d2c23c3515ad4791294924d06996bb70da2dd415571abac4a691a9ea399e18003124cc486667129a4d93b8eb2e2c5b29a809aa58044c80903992700048fc889bf1c37e577e67ee991dba0ddec166b4445bad3b2a7399143430c35f8dc73e25b69f6da0da471e5511d8926835565cfae1b4d14ae8a22f2ea082002dc878e397cbb62dddbbd09be0ada7a8bc55328a549055a144a89ce49f2c8729e7c408e8a3caaf93ee93f979e9964377b95dec920c2b7dc2664fd4ebbacd8711b3b11e2ade9ea8b2ef125d76698e864f8b24942e42b72ae425a5f39ddf725d3765d10b5256e38a580840c719e024070e090243c271d048a2b66d9a0658a76d0c5336833fce2389332653e2544a8f113311df33a01d52f3c5d51ea9e6dd15b2c84f476db719afe2595e451655bdabb498f05027648d4771092e0b82da70c06284a10b21696ebee4d59bcdbb65dbe8a8ab965dbe9929d6d122522648413c39ae7d929ca2355540f6e4755505618b6293a10a583254f02a4a702a9640e529e333385eba23718788f443aa3d38c945bedb916198ccac720b5717029ec86e25d2a9de038ea901d666068330984542036e328214d90a8ddeaa0dc2e14f73a599438e070a7f325801f392a39e478c482d36c55b514f6aa83342125015f9e158ccf0cc009ecc0e5045f2cdd0c5f982f2afe64f12c81a48bde718da6e16944e656fb912fd82b73a0db5d4b2a50527e0b21b8c64a8ee3c26544552082f570bffec1dcd6bad65c059a6a849241cd0e489f6a27ed94355c36f22e16455bdd6bcf534aa4026424a134827b95231cfe5872cc9ac5d44c51cbcdc576aba6332dfc4ae2d7844bf6e5b6dcac7e5c6f808a9430dae2b32dd6c349e41449ad09d74ed6d1d25559ae4695af5187db0ea4f050202f338e32067db1cbd68acaba1bfd89aad7425c65f5b0e81f9e094632ef20f2e5946e759ec93e2750ba9b01d0a7447cee4c96f61c8ec5bcc8767c479241a734a69f4394077a9ec04e91ed7ae69db4d81f49915d1c8f39a3ca7d988ecf18906eeb5386ab72d329334a2e0da801f9ab48321cff007e1d17966c463e7777c3ad6e25307c0956a7664cb930efc34eb8aae8dd9846656dc8117c54c15853214ca9f79fe6de89274cb757432ed5a538924ca5c01c6123cd28258754ac80071c7003e939c7d2a7c81e2d69c43ca0741acb6571a7e10c313356e306ac19b36e9707a7a591c1086e50524a46c14934efd74d6c361ba5d93b7d0daa616ceb3fc25a94a3ec265e11ca3beaa1caaddb7c71c4c887b48ee4a401ed18c3c557e203b813e8df6fbb52a489b644479a0249800ca5d799b43ed46a87de4a909237a7324ea1db99b5a289f14a8fbf5094fbe253b7114e6e0cb9532f4926710d9d4cc8afdd35ea6bf72b4b70ff009aa7f344b5e45292e489d8ba643bcb2e6d863a9422377979a3c8dca712e2a38a96825ca2d3c89b8b64375972a717852974e1ed6a6bf25d20f9439c4a1271d3805194e60474bdd6e747b9ac54b6d0542d6d48a9a120974a714870e6529227a41009f7a604a1a1f9f3ea95d2e581e2d6a409971c57055b6fcc9b31125f6323ea9656af848de3cf7399c9cab45b1b24fbea5152de5508495269eeabd6d6f50b735bfa7b635167656dfd06b9e40096d352e89065040d25c436421b6c7ba54e2cc8244fa5bf0f9b5ecfd37d8b7feaa6e4729d17fbab6e0b75229612fbf4ec929050d0f325853da96ebba4202508015a8805d17c99b0eb967f8bf5ca06557abb43b6650ef4fee7798d675c7b4489d231a971fc786e223b059896cbac26be05e2d25b794c9594a90e00b1d03d12b0d156dbaf76e7e953fb19a719d0d4bc9f727eef0339e5333c4f1c4c71ff005d6ff58e5fed37b74a5db9ac5428a9535049793a4118e6d83340334a64912230855bce746b374b635bb0ec520b368b5b0f5e64330e3369650255f2eb3afb749050834f1a6dd6e6f3cb3b92a59d27ea45890bbc51b2c34134c8513202426a254a32e64924f6983fa7f70aabdbd5771af70b954b4a124fe8b684b6803b1284240ee86857655c2cfe5a655ce2c84459527aab81b2b79e514b2b8f29e9a894d483427c0799e60aeee3a8675a2e15162e8a5f9fa55ad21652c2f4e65aa842d97123bd2b32892592d88adea7d9a9969fc85a877a64a1ec20434ff27597abad9f38ae8af50995ce7ec98fe60d6298f21c79c5db2341b5e059584ca8d179cb4d4d9ee4771c5bb4e652554ad34c1f857dac365edcda364484fc53c1ea878e9c42ddf3692ae40480e528947e21285a56c8bfd6142b5b6e53a019e132712070c23b6a75343b7abd8786bb61626083988f3cd63db184eb08334c8c2558c6355c1b8f41a7d3ead1270983099633815b0d3f3115ff00c42f1f5fe513b5a2fddf11f4c2bb489d67ff0009efd4ae3020d08e1d9b9fd7e9d6d040e11fffd472ea471da8476766ba190a27be3cdb6cca62707feb3325591e36aec1d26e8ca55b0ffeebf17a1d0b52c7a6f8ff00ea1dfd62a24b7b5ff5ca3c7fdc293fbb35097b0df007b36a7dfdbdda9230bca11b4e709c6e8636af68f41269eaecdb4f54eb914e30eac3b3039c6db4d6c3d07b3bfbbb74fcd2a7230e8d39903028c37b0faf8777ead3934bca1c9a5f0810437b0e35a9f47656bf6e9c9b38c2b4ab21c236db00907b781fab87d7a5cd9f6429413381c849a915fa5694faaba0e7ba041a60d7051ef54edb0a7dfeb1a6f755998353880223a3e697d19b675a3a358e63d7cbdc4b05ad967a84866e1352fa9a4e4d2f0e72e1883284b3ccb71c997ec79a8e5294a9c297ea8048a1e67fc4254314b6ab15555d5219a443cf152d46490742748ef51120338b97a45495d5b7baba6b5d12ea6bca5bd2da04d4a014751ec091892481cce31c0f3701f85765b12d95c77e15c171e4c7712a438cbcc482cbad282c05256d3892083b82354338f21ca5d4da814adb983de273f18bbed946b4dddb2ea0a54dd400a49e0754a5e11d30791df2b4b8526d9d61c86232279c6a0db317f1a3214bb7439c8766cf90caaa145d714f84171439896d413ca8a03c65bab72b956876d34eb50a50fa96ac705a8602639240c0658e3331daf6ab3b144a35ce241ac53694832f7519903bd59f772893c9fd51c0fa56f47817f8c2ef7298870aa1b0587a53511291e23cfb2ba8699529694a01a152b61e8ae9144e3ea52826491993dbc2256dadea8484b6e690380efce122ea0e31e54faed9a63f9675226e697a6f1d8f0dbb474eee9759aac019e5783c64af168519b857394b7d614a5bde338ae5006c29a76a6bb5dacd46fd2db5f4b0970f996809f508948a7d496b48ec4949e71b2ad0aab75972a28db796d9982ad4403f9c504e82470241970943eec3baa16276df6fc2b14b2a709e9a448e980e7e516293622d4411fc0f06dacfc2b0db2b90004a9f5254aa1253457bc224b7cfa8e2d4a9b8a38938e3ce7993df0adfb438a9bee39ea561f741208f6721c84b84231d5bf28f61c9d13b27836a8f6d8b39d791668ea4069520cb527c6f8f692a0570d05a2e472e877c25a8bae055404afa5b9bf4e3eed4ad27324e13972f9728d9ba842b434f84add4013c27c709768ecf086d3d3fbb23cbc3d6b85636d99a5a6a74c916bb9be849bdc69ab79cc9f12330250db72e6b731f956f7944b4e179282008e0a57bf57fb456e2d4a18909576691242b9c809032e439c2f7ad00d2c946404d68e5e6c55fe562470ee887ef3fde536c5d45cce77981f2dd3235e20652a6ee1946042dd22cb9340bfa486a7cc6a194186fdc0909548e55a0b8b1e2a79caca8dedd37ea2b765a446dbdc8a50a6460d3d8a92949c4215f95a07e499194e46432a137e74c9fbdd4a6f9656522e73d4e353003a40d3ea2159072529839ca739e69f5a3c9af54bae78f5ffa937cb0e45d329968e9e42bcdf61af1b917a8798bf86dbdd6cddace63c842ed1765c184b2f477940a5415c9449034eb6fde566b33ff00b2686b5baca7f8870b2a0540a10eaa6a6c9949680710aca404f1826f5b5aed56da6e95cc298aa5b0da1f4952482a6c1d2e4b30b230204f384f7caf5ca258b2d872ba70d658cb767b8408922e191dd6dcf4895729ca8f15f8d6eb4db60abe161fc53ea53614b75ca3a2ab0a2a225f7b2fb8b65ca953416a13f202004f099399967dd961157a59d2d7c325b52a53903893ca47d921cf8c7d1b7e5a767bfd87c927412d99346930ae6dd86ff21b872c3e99516dd3732c8a55b5a7db9294486d662bc17c8e0e74850077d74eec56cb7b32c402b537a145273f21716538f74a39277ea8af76de0a9050e85a4281122161090a1e07087d27fb4ffb9fd3a97b7eec471a120271e94cb4ec7756e00ae4415007bc24f0af0a534df56d217ef098870a75a927ca651cfd79afcad43ad6984c39caa4c95b4d6fb25cf16885148de8956e69d9ae77de2122f1312041c3ea8e94d9347eb58545427318c26ff321c92dd82f92af2e76590e32b7af7d5c953e64b434dc74ca9d68c2ee2f2e6299151ca1f948420127910129aeda81ef7b051587a6566b55a190953971f55c54805bef2f529d79c566a716a38a8cc8002460008956c0abb96e6ea75fab6e350b5066d6196d24929658429296d96c6486d00609480264a8899261e97c93a4224d93ab52837cbe3c3c664a5c4ba9712b6e5971da8092794f38247af53be8c3086292f4d225ef24e18ca60e1ed8ab7ae14ee30ed835aa734383297ba653f64a00fe62528afa8b6f64ff00661f5ec4edf880f6e96ef3a243957ea11330afa54ee9695ca198f9b8ba2317f97fe557969e5c77c752ba731a238d1e473e2e6cb971580929a11453b5dbb06ab3dfd634de3612ad8e202995d7d3158388d095ccfcc22c9b2d406faa1697860453bd2efd3085fca2717445f36be5dae6b68aa54fea45da64c78ffa485d34cd14d004d4a51e1be3d15d0e9bb4e53eed1489680a66d124c8640a0c4d3f10ec307a4b555c970faee3e8d53e242d225e1c23b657856bb711f6eba35631ef8f36dd1226354834f571d276f052842373846b3a38fd7ad563cc6132c408d8cd2e15ff00f40bc1ff00e879fa2579788fa6145ab0ad1fd13dfa9723490e0a0af70fa1d6f04031ffd5748a6fda3bbe9c75d028548813c23cd40a1e30a27579b1fcc78e546c7a4dd1af5d3fc31c5ebf55345db55243d238faeefeb15120beae55b4733fee149fdd9a84c9a8e3d7d838d7e835216972942242e71bedb478d09a1a7756ba7aa75cc670e4c39918d96d8e34ad3b3b36ec1f5e9fe99cc00e30eedb9918df65aa767b38faf4e8cab2c61cd95e4637d2d553cc026a923b4f0208a8d3ab2a87142c6022f43602ab4e3bd7ba9eca69c1b54930a90ae2607e0a294efedf5703be83aa19c290ad506b848af2d4760fe8fab4dee99030723310cf7e62d8c6517bf2db3af3873d2e35f308c82df93b6f4064bf28c24c5976db9476c04abc312a14e582aa7e2091dbae35fc65a2b4f4c2d952c52172819bb34aa85004fa48536ea10b54b247a8a4a544e02690738ec5fc152ed0aeb0b94375790972aadaeb6ca54400e2f5b6a291394d41292a4818991e51c4679baf2e1d43e96662fe7cfd9e75c706ea15c1578b4e5f1203c9b41bf5d026e170b2cd710df8106e2a94f175b6d6525c6d55456869cddd36de76ddc563a7a05be1374a640429b27cc509124ad2388d381964738bdbab3b12e3b5775d756d1304daea1c2e2142642164ccb6b390f309a67988eb67cb5d99e7bcba74d27b6c7c3dca760d8ead3e3b616e4596bb5456cadc6569ddd69e04a92aa7bc9dc71d72bde9b14b73b80001297d63fca222f861df8b628dd0afba5368265c669073833dced7d2df2d5865e3a9b7d62d178c96e721c6e45ef3b9cc371e45c659079a54b534511a19796025b69a5b8a514b6cb6b71484146db55571a866919415a9592522797203973387130f26a0165c53ce86289b482a50c0cbbf8939088d5c83e69981dca748b6b5965c19b9c47f2b86a9762f2eab461f6e9987435dd2f719e937fea559734951acf028e4873f2e8cff0029a371d6b051ab4c7466f0ed222a34197a7397a880495488180231078e5c66318ae8757f6cd3dc1148d5338e216e6904b8a9900c94a97a7a4c88909120f3c22583ca275a7fc5fb42ec598d8e142bfc1115b9ad45666a2df3e24b69a9f6bbb4145d21c5b9c78b718cea561b79a43ad1d88a509a4af76372d752ed2bdad2b41949434ac729cb0f11304651621aba7aca6a4bb5aaa42e95c04820cc4c60a49c73191ed89159786dba4db899f19460468e4b65692e21094f23aa0d83b72d51bedc351a775251ef10270526b948527d350f509fb47d71075e70bcc7f457a5f9346c25db6db12f0b6deaf1719cf62379cceeeab1e296f917bbcbf6bc76cc623d3d166b44075f952244a8b163348254b345244fb696cbbdeea717fb3985a9099152829294a49c8151c26659007b643185579de36eda5428a9bdd7697162696c1c4f02723218800cb132031828744bcd5f978cff002846176cb66197988dcbb3daaf58ce6bd24bd746b3633b2485f995ba3d82e0f5eb26c5af574b9405993161bb3614e96d24a994ad49e5322dc7b0afbb5d84d45553baa6c82a2a4ab5012c0ea00ea12fce94b2845b5f7a58b769719a4af53358167482a0b41c8a660a1040331903227be52d98d797bc5b1bc37a90ee251247f2c64f83dd1ffe59947e2634190b86f2db7a2aa473f86d780b712b69628a4803b29aae4b8e490b52895850293c731ca1757d5972a299b7f48712e6951184c6463990f229e48338eba7536d760c418950ad97acb23df2f57844292cb76eb0da3202bb2418e0002222f521a724a92a3bc5860921206ba56e577bbd7a2d360b3325edc97028629d0313ad69016eabf45a4cd4a2643033e3157daad36166ed79dc9ba5d4b3b3ecc155352a265ea04125ba749e2b79524c933329cb1223e8678663f1b11c671cc5a13aebf171eb35bacccc97882f491022b4c2e53c5200f165388538aa50732b6d77fd9ececd82c568b1b0b2b6a8e99b6428e6ad08092a3fc220abc63cdfdc77877715f6f77f7994b6e56d538f140c901c595040ec402123b041b95b29277fead3bebc34b5b3e530d4933ca0c52311ca0da1c9a9b1dc4467d85961d5b05b0e852494a9b4ae8a502381a6fa6ca8ada32a5b62a125c19e30e8cd1d580970b0a083919444de1501dc53af3d50b8dc7a7d8e65990ddd98f60b6b597426dc7ec506748744db9da189a9f0d3301e5e6581cc114a6d5d73deeab9d352de1e2bd0a5ab0132389cc4742ed9497ac74ed0796da126674f120600f6446bff00ef143d66c713e4e300c41d870adb7757502f37d8f6e4a17055778d67c6604d44608ab63c372580423829469a8bf529d6dddab632d90a4a6a4a810709848f9a2c0e86a50bdebba16ea0a97f0200ce7ef9871ff221c8bf2ac27ac2d5d24ff11f9b884584d38e20f84cb10e530a437c1ce55b8c156fdfb69d3a1b5c2a3fe6a599690e329c39e933faa229f89bb77c3d66ce5227e661e565290d625f3f383d7cc59b5af3eb6c96d2485baa55470dc8a6a6fbad337926217d315694ad33c618379de71c95f2e3bfa94df37c1f59fa3f21609a00845de4249f6736a1d7347a9b66b91c0b88fa62c5a05a51d47b22ce41b70fb131a3f277b8479de6a3a3314bedbb223e6390ca4f67f0c74e32a8e80c569cc91e010aa70a699b6579377d1372f79954cf3924fd1138ebbabd6e90dd5d230158d691c815a7e9e11d9d1212b6d4a0084ac120ef509209047711abd57c23ce97861db0d47cae7571dea558bab9895ea587f38e80f5ff00ab1d12cbda716a54df86b064922f7d3cbb4b0b2567f3ee99dfed4f073f0bae25c29e04068b7d63754ed733393f4ef290b1cb8a4f7292411e3ca0cbbd1fc22a89c40fb8a8a743a9e588d2b03f82e25421cb3bdbeafdba5ab3e630c8be11bb663498b3dd6dbd1faacd3f44af2f11f4c28b67f6d3fd13dfa97200db7aa050f60f6febd6f087501847ffd675ea4022b4238eff00af57e2671e660701ef851bab880722c6ff00fc29e8e7feccb18efd136f5795e97fd7bbfac543fee05015d4627fee147fdd9a84f19676f66a40daa63086d6d641067846e259a760fafefed3a77a45e221cd95c8891c2361b6bb3eafab89aea40c2b1c21e185ce375a6c70dbede234eedab230e8c2b840836d84f11b100761a83f669d585122538716d78ca716a5ba12294e535eda7a49ef14d3936a12ef87041c8f381b828e141b135008fbbb8683a72856de506d828fc3ea15afd386903e7cb0a510726a044b94591027c6666419d1dc8b322486d2ec79515f429b79879b582971b75b510411c351bb9d1d15ce86b6dd72a543f6fa8694db8dac6a42d0b052a4281cc1065f38c61d686bab2db574971b7552d8af61c4b8db883a5487104292a4919149131110be707cb2c1bb63b96f45db6a2b3866497383985b62c9434a44ab1a0955f2d110ac544cb63f14486db490e2d2a5291f836f177ab9b1ab7a2dd4cafb2daaa168b7a48a9a1727e634ceead29278a9a50534b9fbda7510418f637a33d43b7756f62daeff007da74bb5ca6d5475c823ca2a1b910e4b2097428292afc8240983035e506cf2ad7d17c3b10bb51c73157eff008c4590a946619968b2e4975818fcd125745beb93646a32d45545f3935df508dc2ea6b9f5d7b4a9b6f04ae729798a46a90e1e69c39354caa0f5a84a0a14c9d32398009007f2652ec872b7df2e78867b71c7af37e82d5e26635756aed64877a68cfb1c3b8250a4b73dab6a9c0cfe6b109e68efabdf61c4f3b652a0084568b83b42fb750c3ca438954e62588e58f03c46478c1ce3a9a861fa0a96c1a671041e7edf9bc6234fa9bf238f2d998f5cdfea5bf3b36b4d8b23ca8e4d92f4feda5170fcc2ed72ba2ae97c878ddf45c589368b35fa5add488ee4194fc4f1d5e1bb4e408b7aa3acd5ec520a76a966e94006584cc8098c09f9fdb15a52748a84be8a9457a034d125b2b18a13899133910092667e9998e8271cf2d983409eee7b2f188783dfeef66c46c6ab5c252f9a2d870fb447c7716b798c97de8f1a440b1c3658253575c4213e3296a48e5adf72d43f7c79bba5db430f96d29d0999012300144924aa529c3ed9db6b6fd38b1daaa155146db8b56b3c56b3359180f29394fc33c5c95eb06c51386c465891243aeab95f5ba07865a71b20a6a0952773b1e3a89de9bb37c132695d50a84a84c1184b8c2ca055c0d6baa79b1e981848e33fae2193e615f2aae8c798de9f42b7bb02e961bf319ac8cd2d99d5b14ab8a1732e90225beef8dded954a8930596e70a147f05a6dd4188eb214c6c56daac7d99be2a76a5b196e8a992e2359257392a4719198209ca465863ccc22b9ed3a7de55afaeb6e1a1ef4035a14263482485265233993a8cc4f8e38c167c92fca2ba1fd16c1722e9abe87b2eb6f512f98fdcf3fc9eff6e5da7e32162f15e6ec36bc76c0e5dafaab6396c9531f7d13172d525521f2e2790a1a4a1c3756ff007f70a032d3cb0d056ad64692019123b2670c04a5865846d61da549b41d35c9295d6a592da1b4f990065326409c39e23e7899fcb3a458b74bba319ac6c6dc98ab5d9702c91c8ef5ce52a6ce4468361b83c5b9135c3e2c85786dd02d545500debbeaaf6e8d1535f264cd0a57677994393972a9a97db5d4c8b85432c319c84241e403cb1e3be5eba3388b71adad3590dd719b0c9bacf5b43e264dc265aa348b9c92e2d0978a54fbe5a6ca8d430800501d775fe1af667ae8bbf52aecd05d5bcb5d35113fead84193cb403917160235714a552c1463963f125bdd4b7edfd3db5ba5140c49fab00ff38f2bf9a4ae59e84cd72c815278a44a42e3ab87b0fb3d9ebd755ba260c728ca608307dc4511977db7bd2d90fb1154a92a6542a9714d00b40527b5215bd3b69a64ac2b14eea1b5494ac20cb6e91569d78a538fb21c7e41d428d7988c4169080a6d096c2529e5a00909a506c001a88376b5d3075d396313972e68a9f49b10c8bcd6f4fac4ccce966791e1331ef9749771b15d1d6d010a9f1a3351e5c379ea5399d8dcea4737129553b35c79d7e5bf462c170a570a5d72a16da8731811ecca2f9e9be875171a6744d096828761c444397cc9fa53d3eea2f52fca8c3cf31962fecda2cfd44976b4392a546f877df9d8c3723dc8eea3c54b8d375debba750beb36ff006364f4af68d555dafe2dd79c76482b52079128519e92278632ec8957492df70addedbb516db8aa98065b0a504a54482a5618e58c2d5d26c2306e8b5ffa6f8f74e719b762b033388f4d9d1edc8739a6aed8fa5087e53ef38ebf21c4890685476aeda59f83ddf955be97beee7f0cdb1466a69436d3732948f44cf324cd47151e3087f11d6776846de5565638fd5a69dd056b38cb589000600774217f33dc9a1e31cb709321a8cea60c84b6f3814a0d06e2add7dd21343ee328343500288df5d4fbdae74f40ed2a1e3375d51091cf4a751f0007ce22abe9a523b50c551689040c48e13329c34ff339022defe59b727929095cfcd3a3330a49268e392532424951aa8a4ab7dea74c952a4af6ebcbd32fbd6ccb963133a54ba9ea0599b0a99f41cff37eb84e3e50b855c2079caf2f9736487adf1ae1982a6a92a514b2ebfd3ece4b20951256a56c48fddae99b68344eeea47db3369b42d24f6a924cbb62c0ebb3de9f482b299c2438ba9654076058139f8c7686f1dbeb3abb1c39019c79e2f18831e9a757207403e7abe663cb4df24390ac9e797cbef483cc574e92eb2f888ff53fa558add709cbe1c6921b315122f98e621717d68528294ec2452a5606a1edb89a1dd1558008ad6918cc62b6c2b4f973c52162729642249594e6bf645babd0097a86a5c6d5fd1b84287b14a1ed3136ee106be9dfd808d4927993102565311b36c702653a2bc2d77cfb2c9703a2d7eecfb47d307db0ff005d94ff00d53dfa9720a6cbe395353c40fa7af5bc36a97211ffd77765b3f56afa49c63cc507b2149eadb65590e367bba53d1eff00d9a633e9af6693d01921e90ff5cefeb150fbb895fd7a8bff006fa3feead410596b6151b6c6be8fd634f8d2a5286a6d73c0c6d78751c3bb73dfda7ebd3bd21f343ad3aa6232040db52264e221e29d5297646f36d8a569bf78fa70d3c3266043bb4acb18da09a107bb71f5547dba75a724818c39344820c5528a2c577a8fd15a1d39a0e021cdb3e51ce06218a849e3dbb7dbad9cc091d90b9be306f82dd42071d8534dafa808528ca0f56d4d083ea034ccf1c20e42a66509df58310b65fd9c7a7cc662a9d81264069e94c78ed25c6da2fb0dbc9aa3f84e853a85fbc1410b3435d7027e3636e53d4d0ec5dcc51279b7dea55ae5f92b4075b04ff092e4a7ccc76afe10f7155d2d56f6dba878fa0eb0d3e944e5e60bf49647816fd8270d52c568b4635749768b740876b6bc56efc8b74243c2df15aba49987c28aa7aaa4a243911c7425479a8aad29ae11a76c3f647da4924b0e01391224a04813ca7204ca739631db8f3afaebd97df74a94f2089996a25bd29248ec9a44e529e10f7fa40cc796a41752cb8da928e769c485a4124f2a929209d92ae53a6aa309d402a5a719ce08ae42a4489ea9e70efedb8b63b685fe68c596dbf1fc84b52830975f6d54e2d38b2af08fa53cb43a793548a141743092be065323c61916ba9a80185542fd19e227207c3f7e1b7e5396df320cf2559eccb71712ccfc776f12bc5fe0b213ccf3d1c0f795cccb5cb514e2aa766abfaebb55d5d5296e549f7a523900397d02255476ca3a5a143ee8f32c1084cb127207c71f643a565387deb10951dbc8a2393c468c2232b6e436e38fba8e6e6694b478652cb9449dc135dab4d38d6b16772df52e22ea855448493a54158899cc4a49381f9a1a1b5dc1aaa675512835354c822400e7233c4761ed80bc150a69d9f8c6491d992cd1942d893e13ecb8c3c141b7990ba870050353d9ad76a57bcd7ab47543531866411223023eb8cdcd84385aaba55c978c88c0cc703f542dd07a5b8bc561132d4882c8480a2d163dd41e5a8e52957ba06dd9a96d45325d6c0694009cf2ce184dd2a7d5f49f4ac93c6315f7038f9f4297d3f973131a2e53124592e131290b0ddba6b0e3534a1b510952dc8454800ed550d2fb1d06aa87429c92b467ca780976f284971af344c7c62592ad0a0ad3c4c8ce5edce35aeb1e343ba5c6242425b871274a8b110dd39111e33cb6594a39689094b6800536d7aadb12dad5ab646d6b732d7a68450b44894bccb4871648e656a24f6c79dfbc2e0f5d774ee0af7dcd4e3956e63d89568481d8129007745f195c3eafda7522509888d41becb715dba5312d080e7844f88d2b60eb4b1c8e367bb992763d877d3455b41c4adb51976f6f3829a78b2f8752272e1cc7183ec6bbe32dcafcc5f94f466455d7185b0b71c45054a53c9542fd1befa67aa66abe19680804cb39e10fd4955485e42fd4204f296221a0755bac0e756faa163b2c188f5bf16c250f46b5c67ca7c6992e538dfc65ca4a5054842dc4b294a1353ca81bee4ebcf1ebbee02fee4b65a57853b0b321cd6a226af9a423a97a7cd21bb5d5d5a7f9c753f300642188f9eff0e4f59bcb543692dad4d6399f95014e74f34ab22934a549492deab1fc5137455dd3ae9ad254baa4209ab234920cc300f0e7289af449f729b73ef67929f3292c8ecf7cc2c231b7ff00c52f2ea8e5dd18764729d471002ae709b6cec0509e43a90fe002918a2db9b8528c56f3ac2f39e1a1691f465083f143505e7a831925b6ca7c4c8c7351f3cff37f8ee5bd7cc83a098a653e03d835c62e2992881e2bcebb7ab92237c6c1e6610a4250c17032adc9e6041a6ba9779be2f57f0f52a35b54aa532093249208f574f33a80493fa32887f4ba858b5edd53f5817ebd423d41a4124020e898cf11350ef876de6c720fe58f961dc1f5f88903a9fd26b447e420292b6db9a1be3b51018afb34b6a893b66af1c9c49f6127ea83ed6a4afa9d6849f7430e7d000808f92d672ee4de737a376766429514339d5ddc8c48e5ff0062e965e5af1683600c87c91e93a8e6c0a8f5b75d3e970e92870cbb9129c589f8924a18e94bade81ac3ec09f1c57a88f9a3b427d42a47d5db5afecd5feb5611e6ebaa982a8e5c3e7ab7eb8f433cedfcb43cd0e2ab76064f89dc320b5bd3a304b6f4eb461bd42c42fb36ceb79544299b858f34b945710b3cab6a52d3dbaa73a88f2adf7adad756e614da8e3fc171b23e6591dc62c4d8c456d8374dadc13696526479ad0b4fcc520cf81023a7771f65d1e346de3be94bf1c935258780758269ded286ada548ce594548a981239c5202e9224a8f65a6fe7d54b15c4e8a7080243b3e98dad6b9d7a797a4f7ea5c84fd8980a46fd83eefab5b24f086e52a667c23ffd07965927b3ec23eed5ec83c38c798604a148eab23feb1e375a01fe15f4807b474d719fd5a2684f91efe9ddfd62a1eb719febd440ffe9d45fdd5a820a114036f41dfb36343dc74f0c186768f9846708ef14fe9fd3a7ba63e610f34c738bd29a500e3bea44c1ca1de9ce128dd693b547770f4f6e9dd8c843c35c271948fbc8f68a69e6961cd99900c5c9492e515c2b4afac6d4efae9c519030ecde00119c0d444f01d9d9ac2ce04985ad9ce0e1013ba3d007e8d35541394294603b60f16f1429f4fabb4fe9d353fee883519c181db742bac45c19eca5f8ce94f320ec52a4d0a5c6d43743883c08fd3a836f0da360df164acdb7b9a80545a5e2094cca549524cd2b6d63cc85a4e4a1c260cc120cb76a6e7be6cfbcd25ff006f56962e6ccc0320a4a92a1252169382d0a19a4f2044880412f3ee9c5ad8e9fddd78f5bd5f98c0b844ca1f7544ca9f3d3018f8298ca9d73de29459d6b4a109012908d8549279d7a91d10daf61e8fdfac3b26d05b5d3540af254a53af3cb427439a96ac547d0242520048090009933bff00a71d64dc77ceadd8eebbcaea95b152c2a840480d32ca5c56b6f4a06026f8054a24a895124c800085d23c89883706e2a9e4a5a70a4a6aa0154a053641a2aa9008d7990f00c3cb03dd99fa7847a24fd3add6039a7cd2fdf87c08c9db76024029e72d6e6a92a21207bddd4dbd1a4f5d5a970253cc78f6c32a690052944988e3eb6740b0deaa5c7f96ee19be756cb7bf92c6c8eeb0f19bf4cb09932997d5210245d2cf2e05d50d32b5731487b91440e64eda6aa76d348f0769dc3ea99e324a8c9408224a04659194c6639c4cad77daea3696b4d0b0a57a7a12549d444b29020a673ec8579ff2e567b86193f0db97523a917cb4dc604580c36c64b75b1cdf85e404a577fb15c215ee4badf2fbcaf88429d03f8855bd767e8d4d053f4cf2bd50414f90613cf3c24391128d1adcd7169ea77ff6753214da8951284aa67f82a05207648cb84a174e97e3ec60b6eb4d963df6e7726f1d86d5b987af7717ee3747a3328e465b912e538ec87508029ccb52d66952a26a74d940c29a754faaa3cc0907b678f701386bb9d6bb74a975f553210a70cfc8909483cc01213ee00438585d45f86e54788b295d52b056901240a929278807ebd4ae9ebca9b549cec1f2fae1b176c2b13d18881fb7df1cbb4944d8efbad984b6dd6de61d71a5093450412a414f372b6a3b6e37df5d55f86ad876ddd771bcdd2ff6f1516da34b4501454126a0ab5267a48d5a12924a0cd27509838473c75eb76dcf67daad76eb3567a171ae53814404a9429c264b96a0ad254a52405892848e9220486e493b926b53b924ee49ed249d77e38a900911c447be376371007127f58ae8839414b569181c60c51eb4000fdbc3f4e9b2a312a26131509c6498dffb33c0effc357dc7dba44fa88a670f618369d7279065c619ac4659b5e6379b93b44842dc5731db815286faf2b7acad2ab7a8e86924ff003bff004a3ae3635586ac204ff27ea8665e618cacd3cc7f40253129d0d41b365a0210ae669d4bf3ad8ca83a37e60806a29da355bfe32aaeaacdd3fe9ab148849ab5ade092afc9f2a27f34e7d913fe8eb8c9beee8714a21003648e78aa5ec30e4fae9d4d8bd26ca6c371890573b20c13a0f92e48ca0a14195cc917466259a3b8a4a15ca3e35d4b8e0e211bd37d4bff00031555b68e9bdef703b4ab2b742bd257057c3ea448772d53272c211f5de9dabcdc2cec977ee9dab0d90312010924fb04a38e1ce30d7b38eaa3179ca4b7232acb33eb05c6e9717e321c9375ba645943be2f8eb57bea3e3492a079b714eed58d6e75eadada37c542a46a710493e75a82973ed2664c4c2d15e9a7a1aca76da47a09a75848cb4a1b44932c390944dd7cd6fa4172e9cfcb6b14c76492c49bf7983e9eb4924045444b4e45248f78d3f73bf5d27736d347b71d52d7e5538073cc1ce293da55e8ba752a9d6d01e5a570e7da9cbb61bcfc81715bfc9f3b963c827457c40c5f11ea3c65c9f01698e97e662623476cbdc896f9f91d34a1dc70d447a7ea0ade6de93309a774920618811627e248bcd748c17b0d57061201cf0d47d91db53ef8e62789a91b70df57f2c99012908f3a1e5994a71ce0ff00ef1d5863c8e84795fcd1486cccc73ae99163b1e42d29ab432ec11e9e96d2e1a786a7646208e5de85407681aa87ab6d1fd9b61aa00e9456149ee5b6af982920c4eba6ee2d570bad2a0fbcc255fc858fa946273fa1b98233ae87f4673343816729e9474f2f8e2c2839ccfcfc4ad2f4aaad2485284a52c13de35675054a6aedf435693e57594287f1920fd715d5d92696e370a5e2dbeb4fb14442ad19ce517059d822c392287a863f7335d18e60954b84136afedf3ffb17bf52e421ecddc0426ab036078fabecd042a787186b5ae529c7ffd17dcab791d9e8ec1abc10be31e66fa3df072ead2299358534dd1d2fe90a7d54e9b635a2e80fddbdfd339fe7aa176e5c2e146395be8ffbab509ea534a76ee0fdff00af4f74f89ca1a1af7818ce13535f4fe8e3dfa7ba6f7a1da98ca7ddf5c5c102a29c6bf7d7f5ea44c61a61ea9cf139c6eb49a0af70fa534eec6528776b14a44e3c53bfacf1f4549fbb4f74f9090f94a1d98c009c674a4d5249db61ebda87edd2f44a58439b5918198a8dc0f6fab5ab9ee985ad4a660df6f1c2b5e029a697f385293841c611dd1ec1f7e9b9ff00760e06441836c4ecf6fe8d35bb3d50b92789839dbd414948584a92414a92a154292aa852540ec52a4ec7d1a6f7c09a8280293c0f19e63b8c2a68e95a4a54411911983c08ed1c2193751b1493d29ca912a2a929b05e9e952b1f794b4d52da549725da1c4f37387ad8a7d210aa72a995a0fe2a81e4ff00e213a52f74e773aeaa8d13db170716ba6561e433d4ba750ce6d6a1a4ca4a6ca71d4088f593f0f9d47a7eaa6d2f85a927fe68b6a1b455a647cc0f95ba807293da4ea139a5c0a12d24183641ea8b6edb856400f7c3adb432d294a75c5ac72a0579c1aa55d9c35ccb58fcbcc9c6538bb5cb02d0a234792739988c4eb4d83cff0075332e9f8bf49eedd14c131c7e40302ed9465370fe6a7d0141f53b261ae0316665494a6a239765052485115d84cf69db2d15d4edbaf3ab76e133f77adb6b018fbcb3354c099d323c3289c586a367dbbef9da7796f8122b2c29e40fe0a12a491cb51f9a37dff2d9f356b5d9f1365deb7f401d8d63b6c99715f6512a23b7162ab92f48ba4b4cc845a96d2d957288e5873b0209206a635b6157c321c5da9df8752494ff00596b048c4fbd81c381c7844829f74f4e5c72b41a074bca584ac1a65904e000090a2646626714e6670f3fa3d9df994b7b6cb7d76b4603296811a1b59774eee5789302ea8693e1fc4dc6dd7c810a5c391208345b4b7da58a2b98569aa82f028282b14d50bca5b72f30c084999c01181f6784416e56cdb550fbe8b27aedaa6486dd0309f04904e0392b11db0f2ed37a999039020db12a9326629a658619412ebb21d57236ca3de001a538ec389db5bd036a794d2190545590edec8654da4b21d71ff2b289924e0024099261f7e33d3f72cf63850df909724a1843d70723afc5ff006e7805be9e55a1214865442010a0084d7b75d7fd35eb32ba6160636da76bb350c7aaa75c743aa43ae2d72c4f954990480940180039931c8dd51e99dbfa8bb89ebeab7154d33a1b0d34d96d0a692da272d226958d6a256a99266a970813fe5890a2a0ccb8cb00edcfced13dc360ea42bd15d5e341f89ad8759a3e3e82e14ab329f910ea41e38a16091fc51dd145dc7f0fbbb69b52a86e545508e132e36a23b414280fe518b0596e11399d7e31e44f171a2975b4a456849412529df8903567587a91b2374b8dd35937130ed5ab2695a9b70f721c092a3d899c55bb87606f2dbadb8fdd6c4ea6911ef388d2e360732a415691daa03b6046322a47d9f58d48ea4c84a20e54259c6ec960fc33b5ff0046b3f67114d355439f70ef71fa20217271323c6235bacf959b2dc6e50a22e9264baa4507e2a7311d9bf6ebce3de36876b7a96ba8293e9a5cff00a51d47b3ca95634c8e013f5423b16deb93d5ae894cb80003361c9e4bee38529084266db9c5294b55025212924d4d06a82fc7c3859dbdd2b61b07d457c5c80c493a10048713c226dd25aa5315dbb573ff00aa1f3aa1b04febcc7eb3798febfbf1e6bd3b1889d32bc6396f96ec5911a1c85da2fad4471bb4b4fab9a44261b8a9487d2909757529245357ff00e1d2c34f60e9cd8adde929a522cc90e21466a4b8e02eb854918024afbf87081d4eada976aac94ca6549705507013c751d2077894448e66ce2963ce313b8cf6da65eb4e618cdf14a5f3b6a7043cb632580b68fe2f07909074c953f176cafb7b2c0212e3ea5658092b0c7e4625d67f88719bb2943ca19f4fc34e31d2d7cd11169b9f413a0766bac08972b6df7ac315c7e1ca69b7987d98f87de5ee628712a42a81ed8d36aeae1defbdabb6c74e18bd30da5d73e2500850989489314ef4cec14d7fea4d5dbdd75684a68dc20a4c8854c01230e3fc827497a4782f47b16bee058058b1abd48ceb308d71bd418886a74a61ac4ad6d2a32ded95e07c43ca3ca052ba94748fa834dbd56b29b0374b52d358ad200d53c73cff00721a7ae74d72b4589db6d4df2a2a691354de8438b2a09226309f200c4803d23d3b7a389f47a35792892718e4575e0333354415ff00ef07d8a5df7c825b2ed0e3b921cc47cc7f47ae8f78290b53516f4ce5b88159a02a4b6a9d90c741237e650d579d50612eecfad79444d871b727ca465e3ef65c6265d34ad4b5ba50dad624ba77478892bfe8c3d9f966df2e778f225e5ad177667c5bae3f819c4e747b9b12234e4ab19bddd6d715521a9494be14f5b5961c4a943df42c286c469474d6e22e9b176dd4920ac32a695fa2a65c5b4524660a74488388c8c306f54b6d6ebbe25a505345ed58638a8051f628907b61f4b8f86205edc51dc6339594d7bd18cdd95f727ecd4c5e3269d3d9f5c33da88159aa7fea5ffd4390cf5bc8d294a49581b0fc47d1e8d2243bc21816e8ce71ffd293276d14e2803d9fa35722171e732e9e59a6317591b2de636a6e9ba3a6bd264f0eee9c635b7d9a3add8b4e9e1eb39fe7aa136eb12bad32795051ff00766a13448269ff00080f4f0fbb4fac1ce50c8d9928631b3cb53ecdbeadbea3a7ba6ce1de98ca608ce2f4a3defd9c3d3a90b0704c3bd39ce37909d81eee1ec3dba77631c21e59f7629e1d786e77f4fabd5b69e9854a50e8caa40638c08476b9d2534eee1b77edc34b4194888716d78881261052a4d78f0dfbfbcf6eb0e19a4c3834a835c002a8e3bd3f471f669a9e38a842a1941ba2277491d9fb74dcf1c251ba5598835c315207ae95f67e8d363a667010b5a5797139415b33eb2619d3969e8d71b8373f2211dc7616316f5f8f72796947336660682d36d8a491cce3b42126a94ab86a96ea6f5ab6474dd8aa62e1736ea3722504b744d1d4e95ca690e94cc308384d4b9196294a8c74e7433f0b3d55eb9565beaecf65728763add487ae9509f4d84b7392cd385e95553a04f4a1a051ab05ad2271ce97cccfa9fd7b9ecf4dfcc86213ee979bbf45b369d2e56136e90fc761fc073180ee3d90c2896d8f46242a0a9c88f32a7038547f88a0a524d7ce9777edc7a9bba2f08df9751e9d7d3a9ba7240f4a91695fa8da1b4ca486ccb4a95ef2b02a51388f5fb74f45ad9d11e9758dce8dd88872c9568a9ae4a4ea7ae4ca9a2cd43afa899bcea261c423dc6e4a4b694a640ecf97df984f4db26b459324b9de4b78fdca4478aee40b6d4b8362b89290f40caa3a4fc463d263ba405a9e1e08af329494efaa7aff00b2ef365b83f6fa9a522a126611f9c3816ce4b4abf248cf2cf08168dd7b5fa8165a7acb5d5210e389204b04956450accb6e27252163039122513098759b0bea91b6de1190bd0dc9b1595b171b54c6b92546212b69d65c4f891e534b6f742d35143549a6a20cfaad38b93aa6dc186591078f6f61c44462b4de76d3ceb6dd2052419c8898c791e1f2c217db774530669d71e4f50f349d2c254a763cdbc312a1a873540432969b2d852b7a576e1a3d75958499dd1e29c660e471c25ca1ad5baf72290949b7b296ce52448f89ee82f6592ec5884310df9cecaf8b52d106328a5e972d682038ea524f2f84c269ceea8a5b402013520169f49335add74e83899f13d9db0f36c696eb88aeae0965b1999199ec4818927e584299e522f8730ea0645f096e0d59b0a8105abbdd9e4ad487320c81af8a8164b6b9ca12e2edb608ea9731c481ca9971929a859d4fb6a50384a2a4a74d2938139900e2a079612c3ba34ddf7561cb43f4d46489ac242709f940528acf325480113c31271112850a4294d12540f8a5caa46c00053548d81a03b1f56a49735ceb08129f7e18e321f5c51352c80b1212d328d79cf86a432db49580e0473009aa13cdda549af0aec7b74890b2083a8999f641d4ad1719714e11e5271e31ba8b9a6150b8aaa6a94b9bf324771a11ba544d0e95d35654d3388a869cd2b41042819149cc1073ed98cb0848e500ac4adbd00a140e046041c0823bbdb18632223ae5d990bfe2c49a85c774f2a098f708d1a7b0c3884801486be28b6855028253bd69ae8fe9d759f70b153476fdd158aabb5b8e86d4b5e2e37a8809585e0569048d495cce9c4112c686ea5f44ec776b51bbed9b6a28afbf0ea5e86810d3ca68a92a496c7950a5844c14048d6a990418a4c4522bcaa6e1a5eddb5e53f6ebad9ffe65d13e11c3edb87d44cc19cfd910ddd5299f17d56991a49fe1a65a8041e1fda81b77eb9477359591b81da809f395e7e31d4db29eff00ec6903f37ea846fce5e65330047486dd8fc94c6be6758d65d6181e1ed21b8824da8dc6534e0ddae561c0dd78ff00136d73f7e22362277bee7e9021e4934541f12f2b9150f4f423f8c71c78089b748d6dfed4dd05dfe6d2a6ce3fc697db0d8300e9e2b10bdcd7e1b8151a3742eed70ba4ba7287e65c2fd7599e39e75148e442129209fddd4ff643ee22cd7771c6948ad7291e38f12d85244b94824619428ea669179dbed170149a86803d85609f9cc41ff98dc92f1027cebfca9487a6dae238d071f425c694bb7b82e0a79940fe1a54852c948df9a9b6ab7b6d68bcb968d0bc35a67250d5c883e316d269daa266e682d99e851c04b191f6c7555f30ccb0deba01e4367159e6caaed1f21701a254b2ef4b60c952b97d0b9ff6e9fbaad5ba7a40ea14714d5e91e00c519d129b9d56b914e628d7f3aa2487c903895f977c61d242968ea0f514ab6a29250cdaa28e635a0f74534a7f09d794dc2aaf54bad25d6e99b51c31130333e394463f13e4d3b0100100d601ec2e43ae7e4151343b7dfedec1aed92651c4cf3f23207cd0c87e61d8c232df26bd6d8eb6512158fdb714ce996dc4f3242b04cf717ca5f5d0d7f040b6be7d5aaf3ab02b97d32dfaab6bcb6ee08b5beb6d49f792a6d1ac14f6f970ed870db554e317cb7badac851594cc7e9a4a7eb83574233bc6b15e8ce313654b66241990a05c1bf79213cd2ed36e4be770375bec295eb3ae6afc046e3ba5efa0f5a8bdbce3971a3dcf74654a59256429c6ea2649c7de7d539f6c177a755f1ceaded5ea71273389c4c196e1d77c6eeb79898f5aa73725dbdd873a69bf0d4950a318164f349242890008daecaaa791e8ad20e24425b655a3e34212a992c547ea1d30d3d794f2a40f109d87abd1be9a9b732c622ee54f6c7fffd3984956a4807ddaf1ecd5ae85c8c702ae9c632118baf9d2bcb617e41d486e0fc66273b01e98c5766c5ab8ab5bf1f07b14008b8b6055943ceb1ee2ff0009a81c747daab59529da4d52783ae191e3e7270849bd76edcda551df92ceab6ae8e90123f208a76d3e61c0123039436840ad3d9f56a4cc913882b66528dc4a06dddf6f1fd3a7ba75104439b2a19c6c25adc6c3d9dddbdda7e6153031876657220c6e25adb857f483b70ece1a78a6562279c3d53afb62a96a8afb387a7f4e9e595cb38726d72918138ed56869f56956ac253c217b6e6208ca051b6398d7db53dbe8faf45adccc4e1c9b5c8081e84820a41eca53d7a46eaa64985a858d32306b8c4213cca29481ef2892025200352a276a01b9d34d75453d2535455d53c96e95a415ad6a20252948254a51380000992617d0d1565c6b292df6fa571fb83ee25b6db6d254b71c59094210918a94a240007182566b7fc8244055bb15942d4b98871b375293f1ea40a057e5e83ff1549ad3c520b9fd509e3af3f7ac3f8a0afaef8adb9d3452a9e8ccd2baf224f2f9fc324ff349ff00b557de19cd294671eb5fe1bbf02b69b32e8778f5c5b6eb6ea9295b76a490aa56b8835cb18543838b083e8a48f3a9dc831acc7a3b9d44b9c4c89b71ebc21125d7e680ebc65ca4484a9b7cad6a5add7d55f78925449df5c315e9ada8aa72b5e756ebcb5152d4b512b593995124951271249263d61b15cac8c520b5d336d30c36da50da1094a5b6c27dd4a1290129481800000060209577e977f3b467ede8970db625b0b8f29bbbc75bb01d6d454d396f9ef065cf80ddc2905f01a24904ef4d168614fc8a17a48efcfbf811db0f42b98a70e22a69bd46c820a448cc118c92705823302665c38c45af5fbe565d4983779b9b747d171c1b2c9753757b1b88ddf310cc2385296a4e6b88477047bda9614a48b845ff006be4555c4bcb1cda9e5ab775752d2a6d3baad9fb4ace9f7553fbf63b58771524094f419a27f9b1c9dbf3f0f963adb8d56eee8eee545a2f4a256e522fcb4ef2a732952094a54780d450e2720e1124c31763ab3e77fc97dcff0029bcff003574db1a69e0117266d375cffa20ead7425e442936f917bc116fa9752d2998ea0aad6a3ded3ea36f6cfdd6dfa96da94d5554a7e938a4d35727b264869f973067f44568deff00dddb3ea3f6475076db8ca5274fc425a554d37613201f641e4b1a41382d4313339e4fbac5e687adf646332b975f7a0f3ec5298096cf4e8d8e7dce3aaa2a9b83b22ed7072db2c5082d3f15b712ae201d533bbecd4f66a9f846ac770a529e3533c65c80484cbb75281e112eff009e76f5ca89b72da296a5471d4d629c792428912e50e8f2fea647857f6fa4dd1b795e693cda648c94c0c0f1fbe22ed8bf4ce239e1c7ff00103cc3e6ec2e55a301c2ecf2a4a16d5a94b4dc6eabfe0458e39f9b46edfd9951706d177bfa974b614f30438f918fa6c20cb5156457ee227351c81aceefbb6aebeb936bb384aab9442759f719d5f94ad394863a479ccb0e626cbca77425fe80747b15e9fcebfab30cde417efdd48cf5e8ff000ae66fd47c89df8dcbb245c648062dbd7347c3dbe354a61db22311d3b36353f5bcda7d57d34e96e9f4e96db07ca86c7ba81dd8027324289c4c26ad530cb2861254a6194e24cb5ac8c54b57e938a25673915048252910f461908650100f2b6026bb051e53452a8a0798b87de3da49d31baa0b59725e533c65cfb220d533538ad471563f67b328a223788ff8eb4abdd34554d3dd5542142a08f775a1186a1976f38cade086834923e59c075ed3e1b254c8a38b521b0b3cbef5796aaa5287615236e1ac2813924627007e5d90b2d8a0b764e1f2004cb1f6462ba7344599097bf8332d30aa02482245be44b6dd343ef28290f341277200f569f280c9b7d0a560083edfdecf9c6f432a81e916fef1ba85f1fc9712923e70a98e3076bbb91a4c5549679429c8f57929a10a5068557d94513f8bd3beba83a31d4b5dcd0ad9b777b555212a34eb519952539b249cca44ca38e9053c0470e75cba67fb30af7ad9d9d2c7aa055369180d46497c0190264973094c85fe71884eeb1371d1d5598a4ba9428cb5768041f1bd63bf4b77416c5cd64e7aa36d8cb59b34e7e5d3f54362f9854194893e556ff152a7976fb7f51e2ac20d09449fe5f52473804a4f3a4529aaff007a529a8abb19009d0dad52ee944c7a57581177dd0d832528b63fce9c1c3cab4d8b93e6f171bbb5b92a4c2c3318b2ce44a6c38ccb8d3722bb27c05b2ea55cc85349a2c2aa155e1aa8afd5b574d47ba030ea90a6ad1702253123e82882259488cf39887bea621a371db08563a9e6a67f8e0409fcc93cb2745acf62c99e8bd34c51878c6bc3c4c5b24161b53898ae9438b4b0cb60a9040f61d79c9d20fc4d6ebacb9da2cf5d496f7d9a5699495ad9097553d291e64cb528e6a271e78c4eaaedee00f145c1f1349c02cca58f031ade7fa5d3a59f2d4b4801285e2d77b87225252da1317a7588c64203636481e35123b00d77c758eadc6fa3d4ce1c3d5af57ce27f5c56fd01417baa7b84eac114647f947e78964f23aa2df972b4a0d3c4ff0010ba8cb3ca0848adc62334f58f0b7d377e072e22b374efd6493a9bb752abf97203dba620bf8b47fd3aba3612b98f8a57f93afed85d6cd9ed9afb9de7dd3b654a6324e9f47c3ee7738ae3882a9963cdad4fcfb25e623628e088a996e9b0d750425e8a77f7801e8c26a5972a5fa54ac7c43694a8a78e95cf4abb89047788e327e8aa1ba4a3b81feccf97120fe93640524f680a4abb94200faf362fe64e83f5bec023896bbb747ba9d0598a47fc6643d84df0466781f79724200d8d154d23be518afb15f280ff00afa37dbe7efb4b4e5c738c5028b55946e0322975067fc61110d619974ce7ca574bbf26912635ea5f496cd94fc236a255f070ae0f5ae6b85685f3adc6254d650a3cb4a293bef4d79f7f80abe7ab6aeb9ed1d5f7b6fdcdeb0c2534d43212a50ecd6d7b0883f7434fad5555607dc87ca39632d7f44fd908cf956cbeedfe345aac7904992e4c8b8f755151d3216b510b67a539c38480b3b7b893aeed2ee2a4956323f41888586a8fed6f4d471f42a7e6a776172939572807c43c0537f471d16db9300130c6fd5ca427847fffd49b19484efc3870afa387b3567b6a2738e1370611281d1ec6ad598e236dc56f711b9b68be74d712b54e8eea02d0b6656256d6f98050202da5282927b1401d456b1e7187d4fb664b4baa23f9463a036cd053dd6d8c5bab1b0ba57a8194281e4a6523da331db104f9ae36311cd72cc5439e3231cc8ef16543a78b8d5be73d19b59a7ef29b40afa7569d13febb14efca456807da238e2e9442d976b9db42a7e83eb44ff82a23e88056915f56da9030a9804468cae5281069adc6df57da34f54ee65230eac39c278408a23edc08dbedeeae9e18724530e8cba448464f86df81e3c0d08fb6bc74f2d39c8e30eacbdab3ce376331434a6ddd4e1a525c18618c38b6bc463840b30c6f42363be8a5ae7230e6d3830c606e33046e0777ac11f78d2753838e70b52aca66375705770e487e238d36953721f52129525ef0d614888be6ad52e9dd605154a538d0f11fe2a3aa4d374bff00f5ad92a81a85e972b9493ee81e66e98cb8a8c9c747001093ef111e9cfe047a26f0aa5f5bf74514984256d5a9b5896a2a050f5709e41226cb0a94892eac7ba930049b63f2aeaeca782d90d0f848ada69c9e180a716ea7dd016971c5505283dddf7e1e7fbca291e79cc833f971fdc8f568d5b6cd206d0428abcca3c794bbc45f32d6a6548f716a293ca0049e55fef1e350450934269a47348e067c23562ac2c1c40f186e16c4ae175aefd64294a5175a4f6992afc6dca88979402554ad1c42ab41dfe9d10d1febaf201c1499fcd16054283bb5286b428cda1a49ee32cfd90e561e3c22b47e0d4a86412a4c4f094edb1d5728a15c74a92ec4754a35f11852493c524efa52cd4a92420898f1f978c574f5ccbcbfbf1ac7e74e4b1dc7250fd154fb08ca03ee36d832d7cb79b3b0d4b0a4b28767c5666c598cbf505b69e931d31a6a1e40a299752dad7b8a1daa6ba8a6ab4f990356788fa0f3ee978c26aca2a3bad22a96a026a28c838621682388912b6c8e0a49291c709c93be9bfcacbc947990eba58b24cabcb9e15896598c5cecb9eb79bf4c83d82df6ed76b35f23c94bd2a0d8150204e8f1de8ec894992d2cad52102a37aa0b86e8dd96776cd62a0b9d69b5d6b85958492ee841188690e6a1ac8387bb2cfb47307552c16fd8d46adc4db74d585c514b65e653eaa1c099a52ebc80952f8a906642821534c4a059bca8f96df29102dfd15f2dbd3cc63a7989597c0bbdf6cd8d5920406a765931847c3ddb21bcc4e6b964b7bb7dad4b5297356e3cc78e9215ba4266b78a45d35c9543595ef565c5b6d1ea38ea82a4b52665214952f06d339a3ca124890e315cf4eee773bc5b6a2fd5d48d30cad6a4321b1a016c1f394b72094eb5c93ac4cae4a07230a95861b4d9326803612b65802b409a0e6594915dab4df81af79d37d5adb4cd9448b33f9fe5f5c3edd6a5c5fdcfe5cc1577f01f5fb20cd6f5345b57023c550da86894a8835a9dc8f671d20291a411291f9a196ad2b0b4ff00047d11b6f4909504344292364a4509240a8343ca69a0a414a48d432f977cbe684edb2482a5820c01ddf99f5c747ba56a572848e5aaf62aaa2a40e74d35aa92414cc0f9b1e3876c3a5be4d07558e9033e5dfd860072196a32ad9694aa8e3967bbca093f8826349b536a26bee909324541d3930641dc24489fee1f9670e968613e956d7284d02a1a4ff292e9ff00a262d8b7d497be05e27dcf717d8950713ca47657635d47adb77abb55e1baaa674a6a98a8d6920c88525531e1878c305e6cf4b72a3aea2ac642e8aa10b6d6938cd0a04287b0e1c8c41479869f91db3af376b4161f2a8b785b3eea55ef365f4a997134a55b7995a540f68235d6378af4decdbeeb4a753550da5625902a0091e0663c238f2c546bdbcd5dec95583f4aeadb33e212484abf8c992bc610df9827579ac39ef2bf609ed28cb936ccba738da88052c1b858987090a3cf5550807d1a8fef871fa36adb54941252d112031c4818774a1f7a34db75777dcab59f2971b13e03051851bc8af50139ce6aedf5422b6c5a4e0b6775faa194bd2245deed2941f756a09538b2ea69bee4d06a86bedd9e7e8af8c14fa8b4582ba425892595920f338c3f755dbd17fdbad53a092a7db200c7f2c0c078449bf9dce8ad8faa393c7c732bcf9ae9b62171b75ee4e45973f19535368809a8f11a8dcc843cf3a5ce4482424577db5e5efe186d765dd5d4bbd582a6e0cd1d210ca8bae04928d210a21230c49121ca713cdc35eed0d03156d3456b53604b99387cd0c5be68b8c230f91f2ddb358af0320c54e09d47856abb94a5a7ee1f925830786cca5328514244a84a4b9549a02aa6bd59eb8d9d8a5e9350361ff529be2a6954a5338013f09c57fd0761ea7dfbb96a12a07d5a7cb88915cc7cf12ade49d051e5b71e538021c5e75d455293cc15cbcb7d53742b1f88d51a8e7e0669d8fdbbd53a86b12966811cb0f4f57d31527e2c5f57ed8b4a16312ebc4f82888651e6ff00ab771f2a1f313f27fd6c90d23fc20f309d39cb3cb375bae526e0989071a563f975b729e9f66663a9a57c549b45cf33521e3ce929b7a5deedbb3376dee8b6b6e6db176ac5a92d552574aa92663495a15a94a07ca113d788334a552c628edab6d56e6d95baad2d241aea379baa644f12548536b401c75a5207f0b4c4c2780c4a4b906572ae34c4390a48aa5687234b4a9878541295214d387715047a3566265a8032d338ad3d408055c444007938cf5983e627a5de582ee90a45b7cb87980b3c88ee4772b165e21d61b3c5612f4952031e3c98d8acaf0d90af102195aca6943af3f7f07db706dcea2fe20a90a8a755f5d6b49900af412d005233250147519486a11696ebb6a53d3c174f4d5272e6d2f57e4c974e5231e7330e82f1e5ae1e27d5791d4bb555a8d64c33ab53df4a5294a68e749f378a2b41c02a40d771d75bbd34bb529f752927e63145db5ad1762f24ff00bb557f757a1814ecaf9520f883648fdee3b6a349764338afeaab242538ffd59977ae2823f10e076afd38eacf48908e0a5bc39e112d3d27c92c7d3ee94dbba8f934b6a0d92c9d35c4ae12643a6816a6b16b72188ed0e2e3f29f0942122a4956a2554d395358ba665335a9d501fca31d1db76be8ec9b6d8bedc1c08a46a8195927b194c80ed26400e7102b95e42e65f96e4d953a80dbb91dfeeb7a2d014f0ff319af484a38ec529700d5a74ad861861907dd401ec11c5571b82ee775b95c54245f796e7f2944fd71a6c22b4f4fd5eaf4d469ea99639c68857181861a048fb36ee1f5e9d997252c61734e9121383de2385e479c5e61e398a5a255eef73b98468111214e28207338e2caca5b6d96d3ba94a2001dba5ce5c696829d55558f86d84e64fca73890da68abaef56d505ba994f562f24a7332ccf20071260772ce9766d822ca32ab0c9b625320c353c54d3f1d32922aa8eb7e3adc6d0ed06c09dc0d2fb65eadf701fd4ea42d529cb19cb9c8f0879adb3ddacc74dca914dc95a6781015ca62620acdc5a6e47777fd5ead3e874180cbdaa4278c08311f7a72d08fb7f5e8b53b299e10e8d39902607613092a6c2d354f3a7986f52924577ec34d27f50fa89c709885ca70fa4e48f9b49fa21abf49326ea1e312f227b3abc4acdad570c96fd2ee370446619fe550ede24a6dcc59e2466d2eaac36ab625a69c42cb8e12853dcc4a8a75e286ecb854a3766e14dc2a4bb58aafa82b592492bf597333e5d9dd1f439b037bd9deb6eddb4d2513743b705ba8dba54a532f4d29a66d3e7e12715333c3412384e1dba54c4861b9f1dc69c0ea50e87192971b71975095a65215509520a0f3541dfb74cd528f511a860acb0fa7bb888b8bce859a758321863f47cbc234965975d4a5721e716909a9a83b948048036a9af754d74cea529246b51e1078d6941296d2104c2117dc6023cc2e0371828521a9b8cdd599fe257736f4cf5b4a481caa228f52a3bc6836debac6569044db50ef963f5c4de8ae455b0af8cbea0548a8414cbf4b4cfed8732f475369ab209708a0a156dca389f769fbbadca4a4a8a01d58fcb28ad50e05192fdd80b5dbafd745a22a624611d6791d7dd0952148a9aa1697aad2d2a20ec411dda084bc34290311c79f08562aadd4492f17d7ea0c40139cfb258f8c2bf67b24de9b59ddcfac9954ac7af586dba75d603f06730ccf4483194dfe5b15d90d4b87728575516d855ba734fc67c9400a6d494a83bd2b75090875614971b56a42c60a4a84c4c1e040c22babc55d16f5ac46d4ba5913556daf790da8292a2996a9fa87494a9b5b6352fd769495a06a9a56925256fb15c32cb94055fb379ad5eb2a31e03b96dd23428f6c66e795cf86dbd76441b6c70e3715964b5f0ac21b0b4a50dd0934274ae6ead75b70aa5ea5a97252b0137543132ed0348970128ad2aadf63b62d9b36de6d6cd9c29629d0a517148a742c86d4e2ccb51513ea2c9d38ab003010a74a52996dc7596d4c876337e0472473b6b5a3fb25ee3f8885713dba6fd52d4489ac139fcb088830038b436e2c28a56752b8100e63b0c0ed8958fc5b6dd3f3f7de8ab16f5c8b7bccba96906625683e1294b6dc505bea504fe0527949269407517dd959b86df4542eedfa015154ba94216996ad2854c29729a7ca8482a235024848132650d3754dddfada1fd92d2568f5825c04127448e2002049231cc19c809cc8825d9a74e70a9e9282da5c295b5ce3954a0403ce90bf77977a77efa93baa2905248cc0194fe44f888935ca9695bd2d32ad44606588eec204f9d6ecd054a47203b514080ad86f4af2934e351a2d38b827ef6581e3f577c22d094534920ea23941532d8536df99e3d709254c260aaed8d5d5a5292a4b69c8110dd82bf779eaa375b530d0a120f8db1e1a58a43b4374a8a0ac6ca5f6e60838c8e1310f3b7aae92bf6ddcd9a550703c96aa5a50fcaf44a82f961e938b57f120a778982dd93b2c2bfcf786eb3b92852149e414de879548236ed1a8a5c1229ef0a52f10b2149f1c3e99e5085c6d4eb0a581e5e3ce66107ead74a2c77beae63392c980852efb6964beb52400a9967751154a228073188e33eba6aedd8db956d314340f99b2959099f004cc0f6931c8dd66a4168bc2ee6ce02ad89aa5c56df949efd251ec8897f991796f7fad1d6ec2e1da2ed6fb431d3fe955e2e2b6e7a5d4b288d26eafc8952c486095b2598f6f269c8ae6a6a5fd50dc7b6e82e7b42c975bafc3565c87a6c8f494e052d4a0940f2e209549239ce211d04ba572d8dcf534f426a13f18da480b0954ca65213c0e7058c8fa272bc93f95066f323207ce4d94f4d7a3dd709eb687c3dc6c02ed72893e2d9a4a961e6d332db19d421e527990175a70d5515d61a2a4dea6df497145c695742fa165b9a12485adb5b60e7f92a1304cf819458bb8770b15fbcf6ad43f4a586d9a80d2c294172524a828cc6044cc485f5ebcc5c2eb8f95dc6fabb8bf84ab83f8acdb56536cb8c50eb1f9bb36a60dc1b71b52501f89254b0f36b41150b041a8d7922e6cbb97453f101bb2d2c848617529798330b0aa57d61486d58e691e533910a4ce2ceb932c5452a19519a13a8897091c2236fcf0f53f20ceba85f2dab7dd5e6c45b2742b3b950ed36e654cc18adc8770c852e4a5b2a5a94e25b6c554a513ca9a701af633a974153b8ba1ef142521e629d2fa00c049b095280edd338a67a1d775237dee753ebfb96961a187e76bc7db2c625b3e5f5d5999936319560dce1369c22e17a94d269ef2ae17ccdb244bee1511529f8682800701a84fe072d2e52dcbaaf7271d250fa2d8129e0995312481cc938f7456ff008bbaea353bb250cb43e294baf538ae264fe940c7801f398407e7551ad173e82f466e373752d2ad3d72623c5714123c572f58564a83114b50f75321db736aecaa9b038d35d2dd786d6adb7635b6899fda2104fe685b4e63dd34a67d914ef425e5d4ee3bd51a04f5d06a97f01e6fea51f6c4ac605973172e9c6017a4c84a23cdc0f11b8f8eeb8129421fc72daf296e38b500909a9e624f66fab8edcea1fb7dbdf419a56c36a1e28047d314ddf1f34976bad1acc96dd53a897f05c5097cd1ce659b32b7f4e3e6e3d4d9122732d4ec77a839059ec5054b65b53f84f52309bee5f2dd888fc725917aea134be649351bd0f293ae73dadb7ddda1d6adc4ed3b52b7dcebeaea1c38993950cb4b4f60d41b38734f74745dd6aa8ae3f86b6aa43c9f8f6d0d381248d47d0a80d2c8199d22539653897b4f5cac39b635d408b16636a9a3a5fd5d01ba80be663a6197bc40068764b44eba32baada76dd5ba48d5e9aa3926d171f5ae6a4054ff00aad5ff00747e209ae596d123f8bc40edf47e8d5701e1cc45675755db8c7fffd69483782a040501e9dbfa356b2539738f3b9552719c187afbd58ce2ec312e9a3b7c90d61161e9e74c24c4b1452188b2a5cdc1ac5737265c7928a9cfa244a5787ce48400282bac5b2969d0e3b53a07aca7578f1f788c39419bdf725dea45b6c0aab50b433434843630054aa76d654bfce33384f2842227bc914e2284d38506a42d9e715d832209830c64d69e9a534e0c2b1942c4ab00607e3b75e5e1527d5bfeaa69d5b5e46707217233061c57413299f8764b3ae56598dc0be396b5b36d75c521af1a8e255222a1d55021d75b0283f7a94d24bcd2b75d48db4fa0aa9f50247d07c22c0d8f787ad57079fa47822b4b5249384f9807b465ce1cde7f96c291d08ca9399488d272ccc6ef6e3658254d3f31b7a1ca12655c39428ad869a62a92bdaa554d355a289c4ee4a234092289842b59c8488904f69262cbbc5e1a5ecdb8fed5712ab9d53a9f4d3305408332aec00613ed94317698f769ddc283b3ecefd5a3eacbbe2a9a77311020cc5000237078507035e1ead6aa7091294a1eda72723165f2e2d63d8f5e6f8f5396d56e95300febbadb67e1d1eb7242929ede3a8ceeddc0ced6db37fdc751fcd51523aef7a9292509ef52f48f1899eceb13dbbb756dcdb34c3ef2bab1a67b92a50d6aee4a351f084b3a376ef8ab636fba94bcb7f9d5252e0a871c9256b79252afc5cea59ad470d788370a9a8afacabac71654f38e296aed528927da498f6ebe159a2a7629594e965b425299704a4009f6002157fca17875c9bb4239dbb1de1a7e763bce03d1e1496101772b026bca7c36c7fb447413b36569040469e289f5e84852bcb239e3861313eccc78f28bbf61ee055eadae5056385772a49624f996c9904aa7c4b67c84fe694ce2b1a598f742dfbbe048203014da1442abef21ba211ef0209015ef14907baaa5e4a439af4091e5f57cb28b11d683b47af1f5539c89f02713f36139882729d66e5d6db6c765a6d48c6f039d365290ae529957db9b31e3a1476415fc3c55120701e93a4ccf99d911e5436a3c8cd440faa1d34b94db2ea5c5a8cea2b9294cc4fcada09247891df0afcb94cb2871c504b612851410af793c89ad15fbd4e606808df414400649c4c43d969c5a92804924e3873e50975cb27bfdde49b663aebbe215250ead86c14a76d92e293cdc9cc363bd7d55d161e5a8e86fdff9b0896d2da6dd44d0aaba2069cc027e8e7f442719a337f8fd45e9062390643705c39b9b62f7bbdc165e77c19698b788aa810a4b61de45c64bc0b8a411b94a7b8695a4b9eb52b2b7c99b89265df80eee622476855b9edadbcef36bb7361f6e82a1a6972134cda56b50329832c01ef8954b9632fdf5c81371e76343bb21c616f2a43a1944a691e3a16e21e2cc80dbde0cd750689154aea1416055d2b195b480e34d8241339f1d43197d2076c716d1ded9b5a2aa9eee85b94241d3a46a29274900a669989a1273cc488292614c102738fc78ca42dc93fc3650842798bceab950d84a7895b8764d389d22a665dab7db6a99b529f5a804818951270007e71e510b555d236cbf51ad29a7c544932094899249c80031279402de63bf02f4edb2e2942244073954cd7c54073c34a812aa0fc3e27122808237a694d6d2d45aeeee50d5b692fb0b4eb49c44f051072c24647c61759ab696e967a7badb1df5292a11a92b184d33388ec32e19891e3097dd6c59a4c5dc31cc15777cc32397f0d29d704f530eda03ae2b95b764b4f464dbadec465b6af11f7196f99740e731e517ab170b155edc170aeb2d3b2c3aa21a490952940604a42521404e729cb0912ac443f50de36e5bddf8ddc61ba5b52010350d5ea288990948054b57624190ce59c2cd8a748faad8c628a959f4bb25da7474075122def78d74f87f796f47971a0c3f8796e4241012b64adc7520d42d5ef2eb0be5a6d67e1aaac88536546450a0009f34f98c8764f911c620372ea16ceaebaad9b28ab6e8f13f78892678cb4f98a803c3571ce5055c912bbd317ab6b925c13e7b721b6253fcc56ddcd9f7a33ab780512589ccb6b49dc8291a833afbf5153515554e28d5ad449528cd455333f363c78fd1130b37a76d55b2ad9613f04d6925299005a57bc027292905425c4130d17a81d518aee4b8ab0d1a5c156362e929a4ad2a3184a75b5a1b594d3954dada7050ee054f6ea35b99f06aa84a15f78133f024487cc626553b7be159aa40334a5d5a67cc03207c448fb2167c97f37cbba7b3eef8bc885172eb0db5dbce3f26747f8c8a1f6232a44a86eb4d4796f2dbb8c56ca47234e2bc40821269a936deb9210f214e2d5a414a86994f01c264024e58c73bf51b685bf705a9fa7afa35baa6352d012a285990f3212ae1a8612cb504c4383f9de4fd65ead6231afd61c7eecfe7963c971dbe65986e426e18fc7c1b138e6f1736af111975c6ecd76bc3930478eda16a71c2f2d0ea1b4a41d31f5837450d65968f7ddcaeb502ed63a9a71448729da6c179f5a92da069582e7a6753da8a669f48199c44509b16d968b0377bb76dba1a86285f9b8e8782d4a0b09c0a5c321860990c0e2465023f369bb2e5bd7ac2e3a39a08f29fd2e8ea8941e10288ac4be5e4dd21212761ddab53a42db37ddad6bdc88127114eb1ab8e6a33e38cd53e7119bdba95dcec0838ceb103be6a03e78898e98755f21f2c766cf7a39953f26e7d29cc5d9b3ac2cae529e4e3b709b1bc38f3a3194e2cc48b2aa94bed7372728e648f777e73eb7f4b58ea1bd4dbbac8c213ba6d726de724417da4107490062a4e68e3c38c75156db452d22945210480a481994a8647bbf72367e657d5b83d1bea57cb7ef97894dc3b62ba1994996e3aa3e018926f58d34e0514125cfe1a41e5e046faed8b7d07c7f4ee8e94b7af5d0a91a7892a6b4e47bfdb1cabd29ad4526ebdeaa58f29ad47fd231327f29fc8c5e6c1d56c95b792f46be4c853e1c946ed3f165e4b97c965d655b73214858a6a07f845b7fecf3d49a4d052a69fa26c839828a7948f688aabf15d705aeb365b8a51f3b556aecc6a0e507bf9b2e0cef54bcb1d8186ef70ec4c61fd68c1b2bbadca73729c8cc58c5a72bb15c8a998695bceb80de5a5369a72a96903634d5dfd740db5d3baeaa58256cd5d31448151f516f25a40012099a94e01c33c481153f41b74d2d8b7f1a9ad7254aab755057604203a4e3c8364c342cebe64dd37b2f949c73a398319b93671370b3d22b9b994c39d8ab312ce9b02ecace5b0c32fce7240752e32861a0e8703bb2f974fbb52b2b2d7b236f515e5b1fb6d8a3434ea4282a4b4274ead43398015865394cca7141750faa5b62e778dddbab6c2d7556f7ab9d536da3c8ea439a964a92a13013251d401110af7dbd64f76eaddbb2fbbdfe6ab28b6e3785da22df5529d6ef52a35920ff2d59e709e15f106e56b876d8ccf8849529b692155aea1172bdb8cde59aa42c879e40493fa4d24c95dfa70f1874b66e6a8dfdf84fbddfe96b14ceefda173d6560e2ba7a9520292a19290bd475254082a4ce1fcf957eb86433ba9ef62593dddc72e737a69d766d0facf869c8186fa0fd4b9487bc3400dfc6c7546fe30000d82c6c7692d15d8d730e92a92f428287f14e23b0c41fa6bb91bdcce22e0d84a2a9149581e4032d2af837e4a48cf4af31c8cc708452e7922b913fc43ba076fa0699fd5ed860aaa832278c7ffd77f29b99ed5fdb4fdbab8128e00479a6a7bb607babee73e61655ff5fa65d21557d7d34c6742813e473fa573fcf5463759d574a527fee147fdd5a82b425f2a46fc453d60d34ec818446cc1921aa9cbe93c3ba9a58d7185481e5ed83345dc8f453f47e9d3a379418939e10638b51ca471d940d7707d14e074bd938810a1b54a44662065056e9056b5acd00495b8b5d3b680a89a0d3a32400301230e2db8a25254a2604596c53d1c7d9c0fd7a5533943ab4a214205d8647bbb70fa76f768a5ac81219c3cd3ab306125ebfccf82c05a82d1e572fb7cb6c029ad0a988fe2dc5e141c428c4483e8d734fe2a6fce5aba535144db925d7d6b2c9fe02753caf0fbb00f7c7577e106c88bbf5829eb9d4cdab7503ef8fe1ab4b083e1eaa88ee8dfe8f16536e8c1481ce84b6dd37a001014560ee7989fab5e596a0a2af2f3f67311eaa558524e0703f294397bd63cde518c4882cbcd4798c29b9f6892eb416225d61a83d15d5d2ab0d3aaab4ed2854d38a1a74a5254806634ce630e220db0ddddb0de28ae484156854969065adb5092d3e20e1c880784328ea564cfd8b13b8e42d56db36cbe24e31df783462dded6f72c983214b0014bb21a53248d9400205083a5a6a0a6996bd5a658f77cb231db1b469a9ef15546d215ea5254a000a02736dc18112e29ce598331d905bf2f995cbce5ecfbaad2a33d1dbcb6f106cd8eb6e85f322c761b7341d7bc2294f86153e6290680242da503b8d27a1a92e22aaa5489152c0483f9a918fce61c37ddb1ab43763db4cac134ad29c772fe71c59909cf1f2a41e7220c2bf906473a5ca66c3626dd97709abf0d45054b4b492285d5845794202aa6bb1f5f1c3ceb8a5a1a6c4dc23d9da62316db630cb6e5c6bd4114e813c78fcbdb0b0e1d8ac6c66d9e373f35cd44179e5a8a1d0f2885b8b50a101005680ef4034a9a6bd24894fca719f3e7fb9107be5e1dbb55fa413fd538018897086c7d74b8bffe2cf4353194bf8a919ada644a91cbef3ac0bfdb4142b7f112821b22bddc34a5724ae84a732b9939711169ec3a640d9bbe83807a29a171291c8fa2bf09e312878ee64dc3722f88eb4970b45b713bac294a56e40a7ba00a529b014d3cd43a9521214448913f0fdfcc78c71dddf6eaea50fe86d5a354c1cb2f97d3075999b14c888595b4a71a71a90d0582b016c381d42549d83882a40aa4ec748d15c681e66a5a4a7d56d616309e293313184f11971111a676b25da7aa6de4abd25a14854b03250d264730644c88c47083be3f778d75c9245db200d4976eaeb2cf33ad36eb0dfe06542aeb520476d46879d2daca024a40014487ca4bcb373bdd65d2f94e971faa90ca690ac1339612121212ca7865104bd6dda9b3ed6a0b06d170d2d3d18984a4905481a8e9d4312666789f31f78f37956ac4da54ab744b33167b4c3434d0bb38c5b9b12ae11e1c77d96584bd1d51eaa449792e256e73f2a42921239c913cb2d88dfee0cdb5850669d28241e084a48d524f12678098ce64e11cf95f79a9487aaeb6a1c7ea54a32d4a271563c672ed9427c8c33abcbcb326564b9558ce1d6b876d9d69856b6e1bb739e8f8f77e2e34c82f424aedb6b9f6e43ad38a52dd5971b05b57baa3a9a6ead974d4d69a9aba269295d23414312a2b48f7a609c08135032cc4a52384b2b37074f5fb15869ac16eaa6b73b8fa854159fbb08289264ad475abd491494a5124ce78c84302ea7df25e3d984e6daf0d1688d72b839757dc710ca62b50d5f10a9657c8541944361de700a405721e0481cecd9b725aba375802aab51083883f95329fc9d409491aa7805111d61b42dabba592d650825e5b0809039aa4129233912643d879c43f31d548b9ef51326c92d8fc75daddbab90ad8a88b0a6576d8053158710b03917e39429751b1e6a8d8eaa1bb567c457d4ad0414892532c4109129f8e3174deec86869514eb995a4624f1391ed9618764496f46b3e8df0d1a1a1e0e38e784084aaa4148e515039ab434af601a5f67ad2dacf9e4662282be5ad61d717a7ca21a5e71e5d0745fcc5bdd43c471d8d13a7dd4087985e973a0c18696ed79364c87e76438df88da04b8f15eb9349b8b4952bc0f0d6969a6d023a8aa31d7cd579da4cd255d614b0f3ed3a938c8d432e34129c06949f40bda2722a2a5e24c845115bb7bf65aaf6ed328fc33a35047048d0a04019606447120e339435df993bd195d5cea37c41327f29f2efd3c67e192415a931b0ab64c2d2126a015739a6ddbae9efc37b7e87472d2a2e6a52da7d733c06a5003c251ccf7b6d4dde6c2540948b835fac0220cbccbcbbce4a72171ab6c96625de20661b6ea17c8ca2225d8a0a52a400874b2413cb4036d3d5b6883f45ad6801454a5ab094ccf2573ca3acafee7a20c8cdb2d803b04b8425ff3b97a55eec3f2e58a82e1916fe835e222796a56a546b963eca2aaa8a12a46f53beaf34523567b2521501a0b64f74c031c65d2878dd370efd2de62bd03c7cf1d0c7c94);
INSERT INTO `user` (`userid`, `username`, `email`, `password`, `img`) VALUES
(0, 'vishaka123', 'vishakasandamini@gmail.com', 'e10adc3949ba59abbe56e057f20f883e', NULL),
(0, 'user', 'vishaka@gmail.com', '3def184ad8f4755ff269862ea77393dd', NULL),
(0, 'SURESH', 'su@GMAIL.COM', '202cb962ac59075b964b07152d234b70', NULL),
(0, 'mala', 'malai@gmail.com', '202cb962ac59075b964b07152d234b70', NULL);

-- --------------------------------------------------------

--
-- Table structure for table `users`
--

CREATE TABLE `users` (
  `username` varchar(50) NOT NULL,
  `email` varchar(50) NOT NULL,
  `password` varchar(10) NOT NULL,
  `img` blob DEFAULT NULL
) ENGINE=InnoDB DEFAULT CHARSET=utf8mb4 COLLATE=utf8mb4_general_ci;

--
-- Dumping data for table `users`
--

INSERT INTO `users` (`username`, `email`, `password`, `img`) VALUES
('vishaka', 'vishakasandamini@gmail.com', '202cb962ac', NULL),
('suresh', 'su@gmail.com', '202cb962ac', NULL),
('suresh1', 's1@gmail.com', '456', NULL),
('sasmini', 'sas@gmail.com', '123', NULL);

--
-- Indexes for dumped tables
--

--
-- Indexes for table `choise`
--
ALTER TABLE `choise`
  ADD PRIMARY KEY (`id`);

--
-- AUTO_INCREMENT for dumped tables
--

--
-- AUTO_INCREMENT for table `choise`
--
ALTER TABLE `choise`
  MODIFY `id` int(11) NOT NULL AUTO_INCREMENT, AUTO_INCREMENT=16;
COMMIT;

/*!40101 SET CHARACTER_SET_CLIENT=@OLD_CHARACTER_SET_CLIENT */;
/*!40101 SET CHARACTER_SET_RESULTS=@OLD_CHARACTER_SET_RESULTS */;
/*!40101 SET COLLATION_CONNECTION=@OLD_COLLATION_CONNECTION */;
